frame_idx,time_s,tracked_x_px,tracked_y_px,radius_px,X_cam_m,Y_cam_m,Z_cam_m,distance_cam_m,has_measurement,stab_x_ref_px,stab_y_ref_px,X_ground_m,Z_ground_m
0,0.0,499.5899963378906,144.6899871826172,11,0.19589996337890625,-1.253100128173828,6.0,6.132588093691042,1,499.5899963378906,144.6899871826172,1.401354193687439,7.320555686950684
1,0.03333333333333333,524.3440551757812,152.0056610107422,11,0.4434405517578125,-1.1799433898925782,6.0,6.130979197998837,1,524.4462280273438,152.0364227294922,1.487660527229309,7.184510707855225
2,0.06666666666666667,533.9931030273438,154.85653686523438,11,0.5399310302734375,-1.1514346313476562,6.0,6.133296603598985,1,534.2039794921875,154.914306640625,1.5215415954589844,7.131216526031494
3,0.1,539.4873046875,156.4795379638672,11,0.594873046875,-1.1352046203613282,6.0,6.1353535735105,1,539.734619140625,156.5585174560547,1.5407452583312988,7.100768089294434
4,0.13333333333333333,542.7821655273438,157.54873657226562,11,0.6278216552734375,-1.1245126342773437,6.0,6.1366675562131965,1,543.0813598632812,157.66746520996094,1.552365779876709,7.0802321434021
5,0.16666666666666666,545.0638427734375,157.97035217285156,11,0.650638427734375,-1.1202964782714844,6.0,6.138272929975674,1,545.4480590820312,158.135009765625,1.5605835914611816,7.071573734283447
6,0.2,546.65234375,158.25814819335938,11,0.6665234375,-1.1174185180664062,6.0,6.139452551918171,1,547.0796508789062,158.43533325195312,1.5662487745285034,7.066012382507324
7,0.23333333333333334,548.0602416992188,158.76780700683594,11,0.6806024169921875,-1.1123219299316407,6.0,6.140071638492702,1,548.580322265625,158.98516845703125,1.571459412574768,7.055830001831055
8,0.26666666666666666,548.69873046875,158.8006134033203,11,0.6869873046875,-1.111993865966797,6.0,6.140723240364247,1,549.1809692382812,158.98521423339844,1.573544979095459,7.0558295249938965
9,0.3,549.1001586914062,158.8071746826172,11,0.6910015869140625,-1.1119282531738282,6.0,6.141161749483884,1,549.609130859375,158.9920196533203,1.5750317573547363,7.055703163146973
10,0.3333333333333333,549.6527709960938,159.1146697998047,11,0.6965277099609375,-1.108853302001953,6.0,6.141230047482676,1,550.180908203125,159.28721618652344,1.577017068862915,7.050236701965332
11,0.36666666666666664,549.68408203125,159.00559997558594,11,0.6968408203125,-1.1099440002441405,6.0,6.14146259554935,1,550.2808837890625,159.18240356445312,1.577364206314087,7.052177906036377
12,0.4,550.8888549804688,159.336181640625,11,0.7088885498046875,-1.10663818359375,6.0,6.142244788791136,0,551.2040405273438,159.57411193847656,1.5805696249008179,7.044923782348633
13,0.43333333333333335,552.0936279296875,159.66676330566406,11,0.720936279296875,-1.1033323669433595,6.0,6.143052289436519,0,552.415283203125,159.88812255859375,1.5847753286361694,7.039108753204346
14,0.4666666666666667,553.2984008789062,159.99734497070312,11,0.7329840087890624,-1.1000265502929687,6.0,6.143885087506922,0,553.5855102539062,160.1875,1.5888385772705078,7.033564567565918
15,0.5,554.503173828125,160.3279266357422,11,0.74503173828125,-1.0967207336425782,6.0,6.144743172716651,0,554.8251342773438,160.5330352783203,1.5931428670883179,7.02716588973999
16,0.5333333333333333,555.7079467773438,160.65850830078125,11,0.7570794677734375,-1.0934149169921874,6.0,6.145626534473531,0,556.0653686523438,160.8728790283203,1.5974491834640503,7.020872592926025
17,0.5666666666666667,556.9127197265625,160.9890899658203,11,0.769127197265625,-1.0901091003417969,6.0,6.146535161879551,0,557.265380859375,161.18157958984375,1.6016159057617188,7.015155792236328
18,0.6,558.1174926757812,161.31967163085938,11,0.7811749267578125,-1.0868032836914063,6.0,6.147469043731533,0,558.321044921875,161.4681396484375,1.6052813529968262,7.0098490715026855
19,0.6333333333333333,559.322265625,161.65025329589844,11,0.79322265625,-1.0834974670410156,6.0,6.148428168521821,0,559.3311767578125,161.7515106201172,1.6087888479232788,7.00460147857666
20,0.6666666666666666,560.5270385742188,161.9808349609375,11,0.8052703857421875,-1.080191650390625,6.0,6.14941252443898,0,560.4939575195312,162.04904174804688,1.6128262281417847,6.999091625213623
21,0.7,561.7318115234375,162.31141662597656,11,0.817318115234375,-1.0768858337402343,6.0,6.15042209936852,0,561.8792724609375,162.41827392578125,1.6176363229751587,6.992254257202148
22,0.7333333333333333,562.9365844726562,162.64199829101562,11,0.8293658447265625,-1.0735800170898437,6.0,6.151456880893634,0,563.2376708984375,162.8152313232422,1.6223530769348145,6.984903335571289
23,0.7666666666666667,564.141357421875,162.9725799560547,11,0.84141357421875,-1.0702742004394532,6.0,6.152516856295957,0,564.5466918945312,163.22430419921875,1.6268982887268066,6.977327823638916
24,0.8,565.3461303710938,163.30316162109375,11,0.8534613037109375,-1.0669683837890624,6.0,6.153602012556338,0,565.7073974609375,163.61537170410156,1.6309285163879395,6.970085620880127
25,0.8333333333333334,566.5509033203125,163.6337432861328,11,0.865509033203125,-1.063662567138672,6.0,6.154712336355635,0,566.9168090820312,163.9469757080078,1.6351277828216553,6.963944911956787
26,0.8666666666666667,567.7556762695312,163.96432495117188,11,0.8775567626953125,-1.0603567504882812,6.0,6.155847814075519,0,568.1076049804688,164.27035522460938,1.6392625570297241,6.957956314086914
27,0.9,568.96044921875,164.29490661621094,11,0.8896044921875,-1.0570509338378906,6.0,6.157008431799305,0,569.2845458984375,164.54367065429688,1.6433491706848145,6.952895164489746
28,0.9333333333333333,570.1652221679688,164.62548828125,11,0.9016522216796875,-1.0537451171875,6.0,6.158194175312794,0,570.298095703125,164.7926025390625,1.646868348121643,6.948285102844238
29,0.9666666666666667,571.3699951171875,164.95606994628906,11,0.913699951171875,-1.0504393005371093,6.0,6.15940503010513,0,571.331787109375,165.05429077148438,1.6504576206207275,6.94343900680542
30,1.0,572.5747680664062,165.28665161132812,11,0.9257476806640625,-1.0471334838867188,6.0,6.160640981369685,0,572.4400634765625,165.327392578125,1.6543058156967163,6.938381671905518
31,1.0333333333333334,573.779541015625,165.6172332763672,11,0.93779541015625,-1.043827667236328,6.0,6.1619020140049425,0,573.5947265625,165.6286163330078,1.6583150625228882,6.932803153991699
32,1.0666666666666667,574.9843139648438,165.94781494140625,11,0.9498431396484375,-1.0405218505859375,6.0,6.163188112615417,0,574.8187866210938,165.95071411132812,1.6625652313232422,6.926838397979736
33,1.1,576.1890869140625,166.2783966064453,11,0.961890869140625,-1.037216033935547,6.0,6.164499261512576,0,576.1134033203125,166.24325561523438,1.667060375213623,6.921421051025391
34,1.1333333333333333,577.3938598632812,166.60897827148438,11,0.9739385986328125,-1.0339102172851562,6.0,6.165835444715784,0,577.3914794921875,166.5894317626953,1.67149817943573,6.915010452270508
35,1.1666666666666667,578.5986328125,166.93955993652344,11,0.985986328125,-1.0306044006347657,6.0,6.167196645953262,0,578.6216430664062,166.8874969482422,1.675769567489624,6.909490585327148
36,1.2,579.8034057617188,167.2701416015625,11,0.9980340576171876,-1.027298583984375,6.0,6.168582848663065,0,579.8352661132812,167.16709899902344,1.6799836158752441,6.904313087463379
37,1.2333333333333334,581.0081787109375,167.60072326660156,11,1.010081787109375,-1.0239927673339844,6.0,6.169994035994069,0,581.0636596679688,167.4905548095703,1.6842488050460815,6.898323059082031
38,1.2666666666666666,582.2129516601562,167.93130493164062,11,1.0221295166015625,-1.0206869506835938,6.0,6.1714301908069835,0,582.266845703125,167.8183135986328,1.6884264945983887,6.892253398895264
39,1.3,583.417724609375,168.2618865966797,11,1.03417724609375,-1.017381134033203,6.0,6.1728912956753685,0,583.4560546875,168.13522338867188,1.6925557851791382,6.886384963989258
40,1.3333333333333333,584.6224975585938,168.59246826171875,11,1.0462249755859374,-1.0140753173828125,6.0,6.174377332886682,0,584.5797729492188,168.45423889160156,1.6964575052261353,6.880476951599121
41,1.3666666666666667,585.8272705078125,168.9230499267578,11,1.058272705078125,-1.0107695007324218,6.0,6.175888284443319,0,585.7178344726562,168.83340454101562,1.700409173965454,6.87345552444458
42,1.4,587.0320434570312,169.25363159179688,11,1.0703204345703126,-1.0074636840820312,6.0,6.177424132063697,0,586.8924560546875,169.24188232421875,1.704487681388855,6.865890979766846
43,1.4333333333333333,588.23681640625,169.58421325683594,11,1.0823681640625,-1.0041578674316407,6.0,6.178984857183329,0,588.1721801757812,169.71348571777344,1.7089312076568604,6.8571577072143555
44,1.4666666666666666,589.4415893554688,169.914794921875,11,1.0944158935546875,-1.00085205078125,6.0,6.180570440955927,0,589.1293334960938,170.1376190185547,1.7122546434402466,6.849303245544434
45,1.5,590.6463623046875,170.24537658691406,11,1.106463623046875,-0.9975462341308594,6.0,6.182180864254513,0,590.064697265625,170.59873962402344,1.715502381324768,6.840764045715332
46,1.5333333333333334,591.8511352539062,170.57595825195312,11,1.1185113525390624,-0.9942404174804688,6.0,6.183816107672551,0,591.4506225585938,171.05445861816406,1.720314621925354,6.832324981689453
47,1.5666666666666667,593.055908203125,170.9065399169922,11,1.13055908203125,-0.9909346008300781,6.0,6.185476151525088,0,592.9403686523438,171.39389038085938,1.7254873514175415,6.826038837432861
48,1.6,594.2606811523438,171.23712158203125,11,1.1426068115234376,-0.9876287841796875,6.0,6.18716097584991,0,594.3003540039062,171.65269470214844,1.7302095890045166,6.821246147155762
49,1.6333333333333333,595.4654541015625,171.5677032470703,11,1.154654541015625,-0.9843229675292968,6.0,6.1888705604087155,0,595.0082397460938,171.91879272460938,1.7326674461364746,6.816318511962891
50,1.6666666666666667,596.6702270507812,171.89828491210938,11,1.1667022705078125,-0.9810171508789063,6.0,6.190604884688301,0,595.875732421875,172.05160522460938,1.7356796264648438,6.813858985900879
51,1.7,597.875,172.22886657714844,11,1.17875,-0.9777113342285156,6.0,6.192363927901759,0,596.3389892578125,172.25112915039062,1.7372881174087524,6.810164451599121
52,1.7333333333333334,599.0797729492188,172.5594482421875,11,1.1907977294921874,-0.974405517578125,6.0,6.194147668989693,0,597.805908203125,172.50547790527344,1.7423815727233887,6.805454254150391
53,1.7666666666666666,600.2845458984375,172.89002990722656,11,1.202845458984375,-0.9710997009277343,6.0,6.19595608662144,0,599.1926879882812,172.73272705078125,1.7471967935562134,6.80124568939209
54,1.8,601.4893188476562,173.22061157226562,11,1.2148931884765626,-0.9677938842773437,6.0,6.197789159196316,0,600.740234375,173.0484161376953,1.7525702714920044,6.7953996658325195
55,1.8333333333333333,602.694091796875,173.5511932373047,11,1.22694091796875,-0.9644880676269532,6.0,6.199646864844866,0,601.756103515625,173.28652954101562,1.7560975551605225,6.790990352630615
56,1.8666666666666667,603.8988647460938,173.88177490234375,11,1.2389886474609375,-0.9611822509765625,6.0,6.20152918143013,0,602.7906494140625,173.59901428222656,1.7596898078918457,6.785203456878662
57,1.9,605.1036376953125,174.2123565673828,11,1.251036376953125,-0.9578764343261719,6.0,6.2034360865489235,0,603.7391357421875,173.89720153808594,1.7629830837249756,6.779681205749512
58,1.9333333333333333,606.3084106445312,174.54293823242188,11,1.2630841064453124,-0.9545706176757812,6.0,6.20536755753313,0,604.99853515625,174.24234008789062,1.767356038093567,6.773290157318115
59,1.9666666666666666,607.51318359375,174.87351989746094,11,1.2751318359375,-0.9512648010253906,6.0,6.207323571451001,0,606.21240234375,174.5447998046875,1.7715708017349243,6.767688751220703
60,2.0,608.7179565429688,175.2041015625,11,1.2871795654296876,-0.947958984375,6.0,6.209304105108481,0,607.3839111328125,174.89688110351562,1.7756385803222656,6.761168956756592
61,2.033333333333333,609.9227294921875,175.53468322753906,11,1.299227294921875,-0.9446531677246094,6.0,6.211309135050529,0,608.20556640625,175.20640563964844,1.778491497039795,6.755436897277832
62,2.066666666666667,611.1275024414062,175.86526489257812,11,1.3112750244140625,-0.9413473510742187,6.0,6.213338637562462,0,609.641357421875,175.65689086914062,1.7834769487380981,6.747094631195068
63,2.1,612.332275390625,176.1958465576172,11,1.32332275390625,-0.9380415344238281,6.0,6.215392588671309,0,610.589111328125,175.93824768066406,1.7867677211761475,6.741884231567383
64,2.1333333333333333,613.5370483398438,176.52642822265625,11,1.3353704833984374,-0.9347357177734374,6.0,6.217470964147174,0,611.9300537109375,176.36380004882812,1.7914237976074219,6.73400354385376
65,2.1666666666666665,614.7418212890625,176.8570098876953,11,1.347418212890625,-0.9314299011230469,6.0,6.219573739504618,0,613.2175903320312,176.73770141601562,1.7958943843841553,6.727079391479492
66,2.2,552.7251586914062,161.42999267578125,9,0.888863050672743,-1.326966756184896,7.333333333333333,7.505244571141495,1,551.2513427734375,161.282470703125,1.5807337760925293,7.013287544250488
67,2.2333333333333334,551.8998413085938,161.2386474609375,9,0.8787758382161458,-1.329305419921875,7.333333333333333,7.504470511038332,1,550.44775390625,161.10098266601562,1.5779435634613037,7.016648292541504
68,2.2666666666666666,551.6396484375,161.18634033203125,9,0.875595703125,-1.3299447292751736,7.333333333333333,7.504212056974106,1,550.0882568359375,160.9539794921875,1.5766953229904175,7.0193705558776855
69,2.3,551.51904296875,161.16673278808594,10,0.78670947265625,-1.1971659393310545,6.6,6.753674413285073,1,550.0120849609375,160.94989013671875,1.5764307975769043,7.01944637298584
70,2.3333333333333335,551.4513549804688,161.15809631347656,9,0.8732943386501736,-1.3302899339463976,7.333333333333333,7.504005069831398,1,549.6202392578125,160.8651123046875,1.5750702619552612,7.021016597747803
71,2.3666666666666667,551.407958984375,161.15338134765625,9,0.872763943142361,-1.3303475613064235,7.333333333333333,7.503953578754411,1,549.860107421875,160.9123992919922,1.5759031772613525,7.020140647888184
72,2.4,551.0787963867188,161.4481201171875,9,0.8687408447265625,-1.3267451985677083,7.333333333333333,7.502848875926827,1,549.1515502929688,161.16867065429688,1.5734429359436035,7.015395164489746
73,2.433333333333333,550.5450439453125,160.7711181640625,11,0.705450439453125,-1.092288818359375,6.0,6.139279695960881,1,548.991943359375,160.5501708984375,1.572888731956482,7.026848793029785
74,2.466666666666667,550.1566162109375,160.2798614501953,11,0.701566162109375,-1.097201385498047,6.0,6.139710576253226,1,548.8757934570312,160.11639404296875,1.5724854469299316,7.034881591796875
75,2.5,549.8722534179688,159.92193603515625,11,0.6987225341796875,-1.1007806396484374,6.0,6.140026970331263,1,548.6503295898438,159.8115997314453,1.571702480316162,7.040525913238525
76,2.533333333333333,549.9581298828125,159.66078186035156,11,0.699581298828125,-1.1033921813964844,6.0,6.14059348106003,1,548.54443359375,159.54403686523438,1.5713348388671875,7.045480728149414
77,2.566666666666667,550.01904296875,159.47024536132812,11,0.7001904296875,-1.1052975463867187,6.0,6.141005561296494,1,548.5584106445312,159.34378051757812,1.5713833570480347,7.04918909072876
78,2.6,550.0618896484375,159.33131408691406,11,0.700618896484375,-1.1066868591308594,6.0,6.141304636824647,1,548.5744018554688,159.1544952392578,1.5714389085769653,7.052694320678711
79,2.6333333333333333,550.0914916992188,159.2301483154297,11,0.7009149169921876,-1.1076985168457032,6.0,6.141520799043534,1,548.5725708007812,158.99513244628906,1.5714325904846191,7.05564546585083
80,2.6666666666666665,550.1114501953125,159.15658569335938,11,0.701114501953125,-1.1084341430664062,6.0,6.141676301659372,1,548.572021484375,158.8451690673828,1.5714306831359863,7.058422565460205
81,2.7,550.12451171875,159.10321044921875,11,0.7012451171875,-1.1089678955078126,6.0,6.141787566144432,1,548.4547119140625,158.77894592285156,1.5710233449935913,7.0596489906311035
82,2.7333333333333334,550.1325073242188,159.06459045410156,11,0.7013250732421875,-1.1093540954589844,6.0,6.141866440054667,1,548.550537109375,158.82566833496094,1.5713560581207275,7.058784008026123
83,2.7666666666666666,550.1369018554688,159.0367431640625,11,0.7013690185546875,-1.109632568359375,6.0,6.141921762522882,1,548.4242553710938,158.8838348388672,1.5709176063537598,7.057706832885742
84,2.8,549.84423828125,159.01673889160156,11,0.6984423828125,-1.1098326110839845,6.0,6.141624393166216,1,548.589111328125,159.06129455566406,1.571489930152893,7.054420471191406
85,2.8333333333333335,549.92431640625,158.70806884765625,11,0.6992431640625,-1.1129193115234375,6.0,6.142274041138993,1,548.448974609375,158.83657836914062,1.5710034370422363,7.058581829071045
86,2.8666666666666667,549.9815063476562,158.48365783691406,11,0.6998150634765625,-1.1151634216308595,6.0,6.142746175776121,1,548.32373046875,158.67225646972656,1.570568561553955,7.061625003814697
87,2.9,550.0220336914062,158.6150665283203,11,0.7002203369140625,-1.1138493347167968,6.0,6.142553936326249,1,548.293701171875,158.8227081298828,1.5704642534255981,7.058838844299316
88,2.933333333333333,550.0504150390625,158.71136474609375,11,0.700504150390625,-1.1128863525390624,6.0,6.142411749336102,1,548.3698120117188,158.96017456054688,1.5707285404205322,7.05629301071167
89,2.966666666666667,550.0700073242188,158.78199768066406,11,0.7007000732421875,-1.1121800231933594,6.0,6.142306162723574,1,548.677490234375,159.01785278320312,1.5717968940734863,7.055224895477295
90,3.0,549.7891235351562,158.53982543945312,11,0.6978912353515625,-1.1146017456054687,6.0,6.1424253538555345,1,548.6698608398438,158.65623474121094,1.5717703104019165,7.0619215965271
91,3.033333333333333,549.8775634765625,158.65786743164062,11,0.698775634765625,-1.1134213256835936,6.0,6.142311815288207,1,548.4950561523438,158.62950134277344,1.5711634159088135,7.0624165534973145
92,3.066666666666667,549.647216796875,158.74435424804688,11,0.69647216796875,-1.1125564575195312,6.0,6.1418934663443565,1,548.7908935546875,158.51829528808594,1.5721906423568726,7.064476013183594
93,3.1,549.7725219726562,159.10159301757812,11,0.6977252197265625,-1.1089840698242188,6.0,6.141389594331756,1,548.4634399414062,158.53814697265625,1.5710536241531372,7.064108371734619
94,3.1333333333333333,549.863037109375,159.362060546875,11,0.69863037109375,-1.10637939453125,6.0,6.141022696591988,1,547.7538452148438,158.14646911621094,1.568589687347412,7.071361541748047
95,3.1666666666666665,550.2219848632812,159.84556579589844,11,0.7022198486328125,-1.1015443420410156,6.0,6.140562893847474,1,546.49072265625,157.58416748046875,1.5642038583755493,7.081774711608887
96,3.2,551.0699462890625,160.78492736816406,10,0.7817694091796875,-1.2013657989501954,6.6,6.75384654785822,1,546.498779296875,157.51902770996094,1.5642318725585938,7.082981109619141
97,3.2333333333333334,551.6864013671875,161.7621612548828,11,0.716864013671875,-1.0823783874511719,6.0,6.13884655189549,1,545.6016235351562,157.5817108154297,1.5611166954040527,7.081820011138916
98,3.2666666666666666,636.6901245117188,159.53675842285156,9,1.915101521809896,-1.3501062859429251,7.333333333333333,7.698582895569739,1,629.2574462890625,155.63204956054688,1.8515883684158325,7.11792516708374
99,3.3,615.5098266601562,160.8501739501953,10,1.4906080932617187,-1.2006480865478515,6.6,6.871933375363032,1,604.7981567382812,156.63134765625,1.766660213470459,7.099419593811035
100,3.3333333333333335,600.9078369140625,161.5129852294922,10,1.3299862060546874,-1.1933571624755859,6.6,6.8376139570414125,1,586.9171752929688,157.37081909179688,1.7045735120773315,7.085725784301758
101,3.3666666666666667,591.405517578125,162.2881622314453,11,1.11405517578125,-1.0771183776855469,6.0,6.196878483093963,1,573.6625366210938,158.36451721191406,1.658550500869751,7.067323684692383
102,3.4,585.3341674804688,162.55783081054688,11,1.0533416748046875,-1.0744216918945313,6.0,6.185782946070275,1,563.8369750976562,158.92344665527344,1.624433994293213,7.056972980499268
103,3.433333333333333,582.0620727539062,162.45892333984375,11,1.0206207275390624,-1.0754107666015624,6.0,6.180467214248848,1,556.4422607421875,159.14697265625,1.5987578630447388,7.0528340339660645
104,3.466666666666667,580.8331298828125,162.38491821289062,11,1.008331298828125,-1.0761508178710937,6.0,6.178578525114093,1,552.0387573242188,159.26422119140625,1.583467960357666,7.050662517547607
105,3.5,581.0947265625,162.03579711914062,11,1.010947265625,-1.0796420288085937,6.0,6.179614978641031,1,547.5450439453125,159.08267211914062,1.5678647756576538,7.054024696350098
106,3.533333333333333,582.1497802734375,161.77978515625,11,1.021497802734375,-1.0822021484375,6.0,6.181797412652237,1,545.49462890625,158.88116455078125,1.5607452392578125,7.057756423950195
107,3.566666666666667,584.3695678710938,161.8852081298828,11,1.0436956787109375,-1.0811479187011719,6.0,6.1853198374758085,1,543.1679077148438,158.97235107421875,1.5526663064956665,7.05606746673584
108,3.6,586.8507080078125,161.96072387695312,11,1.068507080078125,-1.0803927612304687,6.0,6.189422905141988,1,542.5001831054688,158.98013305664062,1.5503478050231934,7.0559234619140625
109,3.6333333333333333,589.814453125,162.30772399902344,10,1.207958984375,-1.1846150360107421,6.6,6.813404265965363,1,541.4426879882812,159.06089782714844,1.5466760396957397,7.054427623748779
110,3.6666666666666665,592.835205078125,162.5591583251953,11,1.12835205078125,-1.0744084167480468,6.0,6.198994418168264,1,541.9441528320312,159.12506103515625,1.5484172105789185,7.053239822387695
111,3.7,595.602783203125,162.74081420898438,11,1.15602783203125,-1.0725918579101563,6.0,6.203777368836347,1,542.183349609375,158.80859375,1.5492477416992188,7.059100151062012
112,3.7333333333333334,597.891357421875,163.16473388671875,11,1.17891357421875,-1.0683526611328125,6.0,6.207351659445982,1,542.8914794921875,158.30014038085938,1.5517065525054932,7.068515777587891
113,3.7666666666666666,600.4163208007812,164.05821228027344,11,1.2041632080078124,-1.0594178771972655,6.0,6.210666250093047,1,543.6671142578125,157.40902709960938,1.5543997287750244,7.085018157958984
114,3.8,602.2329711914062,165.000244140625,11,1.2223297119140626,-1.04999755859375,6.0,6.212614972592519,1,545.4468994140625,156.71559143066406,1.560579538345337,7.0978593826293945
115,3.8333333333333335,602.9464721679688,165.68394470214844,11,1.2294647216796875,-1.0431605529785157,6.0,6.212871110939398,1,546.8246459960938,157.177978515625,1.5653634071350098,7.089296817779541
116,3.8666666666666667,601.6834106445312,165.5926513671875,11,1.2168341064453125,-1.044073486328125,6.0,6.210537391197474,1,552.4080200195312,158.98509216308594,1.5847500562667847,7.055831432342529
117,3.9,598.9810791015625,164.93653869628906,11,1.189810791015625,-1.0506346130371094,6.0,6.2064065938777215,1,555.4238891601562,160.0726776123047,1.5952218770980835,7.035691261291504
118,3.933333333333333,595.2320556640625,164.74862670898438,12,1.0562938435872395,-0.9648042551676432,5.5,5.683010112149185,1,558.4738159179688,160.2061004638672,1.6058118343353271,7.033220291137695
119,3.966666666666667,591.3093872070312,164.90225219726562,11,1.1130938720703125,-1.0509774780273438,6.0,6.192215405439413,1,557.9496459960938,159.12310791015625,1.6039918661117554,7.0532755851745605
120,4.0,586.6770629882812,165.30482482910156,11,1.0667706298828126,-1.0469517517089844,6.0,6.183373476281947,1,558.868408203125,158.46337890625,1.6071820259094238,7.065493106842041
121,4.033333333333333,581.8241577148438,165.59559631347656,11,1.0182415771484374,-1.0440440368652344,6.0,6.174693827255534,1,558.337158203125,158.69691467285156,1.605337381362915,7.061168193817139
122,4.066666666666666,576.8140258789062,165.5116424560547,11,0.9681402587890625,-1.0448835754394532,6.0,6.166772028128759,1,559.1293334960938,159.07949829101562,1.6080880165100098,7.054083347320557
123,4.1,571.9859008789062,165.44775390625,11,0.9198590087890625,-1.0455224609375,6.0,6.159485190531365,1,557.5360107421875,159.10433959960938,1.6025556325912476,7.053623199462891
124,4.133333333333334,567.2938842773438,165.3986053466797,11,0.8729388427734375,-1.0460139465332032,6.0,6.1527365781060865,1,557.5718383789062,159.03758239746094,1.602679967880249,7.054859638214111
125,4.166666666666667,564.7557373046875,165.65338134765625,11,0.847557373046875,-1.0434661865234376,6.0,6.148753953690446,1,551.7671508789062,158.72491455078125,1.5825247764587402,7.060649871826172
126,4.2,560.5657348632812,165.54351806640625,11,0.8056573486328125,-1.0445648193359376,6.0,6.143305252484233,1,555.1350708007812,159.40707397460938,1.5942189693450928,7.0480170249938965
127,4.233333333333333,557.8116455078125,165.16795349121094,11,0.778116455078125,-1.0483204650878906,6.0,6.140394206822998,1,551.1958618164062,159.80545043945312,1.5805411338806152,7.040639877319336
128,4.266666666666667,554.0546875,164.89205932617188,12,0.6788346354166667,-0.9634894561767579,5.5,5.624866966818421,1,553.5343627929688,160.7229461669922,1.5886609554290771,7.023649215698242
129,4.3,551.6201782226562,164.68910217285156,11,0.7162017822265625,-1.0531089782714844,6.0,6.133676182598859,1,549.098876953125,159.8619842529297,1.573259949684143,7.039592742919922
130,4.333333333333333,548.6859130859375,165.12557983398438,11,0.686859130859375,-1.0487442016601562,6.0,6.129570936546921,1,551.078369140625,158.92855834960938,1.5801331996917725,7.056878566741943
131,4.366666666666666,546.2678833007812,165.73495483398438,11,0.6626788330078125,-1.0426504516601562,6.0,6.125868362939554,1,548.46142578125,158.37557983398438,1.5710465908050537,7.0671186447143555
132,4.4,542.7623291015625,166.177001953125,11,0.627623291015625,-1.03822998046875,6.0,6.121424057175702,1,550.6385498046875,158.683349609375,1.578606128692627,7.061419486999512
133,4.433333333333334,539.9309692382812,166.496826171875,11,0.5993096923828125,-1.03503173828125,6.0,6.118044034381698,1,549.568603515625,159.39022827148438,1.5748909711837769,7.048328876495361
134,4.466666666666667,536.7133178710938,166.72740173339844,11,0.5671331787109375,-1.0327259826660156,6.0,6.1145860855554455,1,551.0933227539062,160.35342407226562,1.5801851749420166,7.030492305755615
135,4.5,533.5087280273438,166.5998077392578,11,0.5350872802734375,-1.034001922607422,6.0,6.111912824432812,1,550.2240600585938,160.4639434814453,1.5771669149398804,7.028445243835449
136,4.533333333333333,530.9012451171875,166.5042724609375,11,0.509012451171875,-1.034957275390625,6.0,6.109846989682474,1,548.908203125,160.53530883789062,1.5725979804992676,7.027123928070068
137,4.566666666666666,527.85107421875,166.43226623535156,11,0.4785107421875,-1.0356773376464843,6.0,6.107503588054889,1,548.9224853515625,160.4627685546875,1.5726475715637207,7.028467178344727
138,4.6,525.651611328125,166.6705322265625,11,0.45651611328125,-1.033294677734375,6.0,6.105416026178691,1,546.5502319335938,160.67062377929688,1.5644105672836304,7.024618148803711
139,4.633333333333334,523.1940307617188,166.84190368652344,11,0.4319403076171875,-1.0315809631347657,6.0,6.103337751824528,1,547.287841796875,160.63392639160156,1.5669716596603394,7.02529764175415
140,4.666666666666667,521.7212524414062,166.96446228027344,11,0.4172125244140625,-1.0303553771972656,6.0,6.102106070353684,1,544.6451416015625,160.5047149658203,1.5577956438064575,7.027690410614014
141,4.7,519.2085571289062,167.05142211914062,11,0.3920855712890625,-1.0294857788085938,6.0,6.100292785103204,1,546.0939331054688,160.44569396972656,1.562826156616211,7.028783321380615
142,4.733333333333333,517.9896240234375,167.11245727539062,11,0.379896240234375,-1.0288754272460938,6.0,6.0994184803254035,1,542.5911254882812,160.12625122070312,1.5506635904312134,7.034698963165283
143,4.766666666666667,516.8349609375,167.44761657714844,12,0.33765380859375,-0.9400635147094727,5.5,5.589966860916601,1,542.8912353515625,160.35101318359375,1.5517057180404663,7.030536651611328
144,4.8,516.3130493164062,167.39646911621094,11,0.3631304931640625,-1.0260353088378906,6.0,6.097918678536771,1,540.9349975585938,160.42149353027344,1.5449131727218628,7.029231548309326
145,4.833333333333333,515.666015625,167.35679626464844,11,0.35666015625,-1.0264320373535156,6.0,6.097603561593846,1,541.0513916015625,160.87258911132812,1.54531729221344,7.020877838134766
146,4.866666666666666,515.513427734375,167.32557678222656,11,0.35513427734375,-1.0267442321777345,6.0,6.097567061808727,1,539.457763671875,161.4272003173828,1.5397839546203613,7.0106072425842285
147,4.9,515.1345825195312,167.00762939453125,11,0.3513458251953125,-1.0299237060546875,6.0,6.097883791052073,1,539.0379028320312,161.44427490234375,1.5383260250091553,7.01029109954834
148,4.933333333333334,515.7622680664062,166.77389526367188,11,0.3576226806640625,-1.0322610473632812,6.0,6.098643853483239,1,537.2260131835938,161.21185302734375,1.5320347547531128,7.0145955085754395
149,4.966666666666667,516.53662109375,166.60177612304688,11,0.3653662109375,-1.0339822387695312,6.0,6.09939437470522,1,536.5037841796875,161.1033935546875,1.5295270681381226,7.016603946685791
150,5.0,517.7096557617188,166.47474670410156,11,0.3770965576171875,-1.0352525329589843,6.0,6.100323730816646,1,535.0933837890625,161.14085388183594,1.524629831314087,7.0159101486206055
151,5.033333333333333,519.4649047851562,166.38072204589844,11,0.3946490478515625,-1.0361927795410155,6.0,6.10159350885841,1,534.5899047851562,161.11085510253906,1.5228816270828247,7.016465663909912
152,5.066666666666666,521.642822265625,166.3108673095703,11,0.41642822265625,-1.036891326904297,6.0,6.1031595168759925,1,532.1875,161.0433349609375,1.5145399570465088,7.017715930938721
153,5.1,524.1268310546875,166.25872802734375,11,0.441268310546875,-1.0374127197265626,6.0,6.10499327378363,1,531.2236328125,161.02113342285156,1.5111931562423706,7.018126964569092
154,5.133333333333334,527.7107543945312,166.21957397460938,11,0.4771075439453125,-1.0378042602539062,6.0,6.10775484864043,1,529.3921508789062,161.12948608398438,1.5048338174819946,7.016120433807373
155,5.166666666666667,531.8008422851562,166.48294067382812,11,0.5180084228515625,-1.0351705932617188,6.0,6.11063915505563,1,528.608154296875,161.6118621826172,1.5021116733551025,7.007187843322754
156,5.2,536.5498046875,166.3807373046875,11,0.565498046875,-1.036192626953125,6.0,6.115021112078964,1,526.4850463867188,161.80233764648438,1.4947397708892822,7.003660202026367
157,5.233333333333333,540.896728515625,166.3050994873047,11,0.60896728515625,-1.0369490051269532,6.0,6.119322216849212,1,527.0800170898438,162.25204467773438,1.4968056678771973,6.995332717895508
158,5.266666666666667,545.826416015625,165.66294860839844,12,0.6034088134765625,-0.956422971089681,5.5,5.615055395613583,1,527.1751098632812,162.24119567871094,1.4971357583999634,6.995533466339111
159,5.3,550.5916748046875,165.19419860839844,12,0.6470903523763021,-0.960719846089681,5.5,5.620650188973609,1,526.4174194335938,162.17742919921875,1.4945049285888672,6.996714115142822
160,5.333333333333333,555.23388671875,164.85218811035156,12,0.6896439615885417,-0.9638549423217774,5.5,5.626244319578884,1,526.7949829101562,162.2423553466797,1.4958158731460571,6.995512008666992
161,5.366666666666666,560.662353515625,165.18878173828125,13,0.682527606670673,-0.8868641545222355,5.076923076923077,5.198799851065448,1,523.8636474609375,162.65731811523438,1.4856376647949219,6.987827301025391
162,5.4,565.4887084960938,167.1918487548828,11,0.8548870849609375,-1.028081512451172,6.0,6.14717687432832,1,523.6661987304688,164.6743927001953,1.4849520921707153,6.950474262237549
163,5.433333333333334,571.3380126953125,169.82260131835938,12,0.8372651163736979,-0.9182928212483724,5.5,5.638641199850595,1,518.2006225585938,166.88417053222656,1.4659743309020996,6.909552574157715
164,5.466666666666667,577.05078125,173.20225524902344,12,0.8896321614583333,-0.8873126602172852,5.5,5.641699135870585,1,517.4129028320312,170.1224365234375,1.4632391929626465,6.849584579467773
165,5.5,584.1255493164062,176.53981018066406,12,0.9544842020670573,-0.8567184066772461,5.5,5.64756642460584,1,512.3391723632812,173.3478240966797,1.4456220865249634,6.789855003356934
166,5.533333333333333,591.603271484375,180.43055725097656,13,0.9443353740985577,-0.757895284799429,5.076923076923077,5.219322033606391,1,510.2478332519531,177.4833984375,1.438360571861267,6.71327018737793
167,5.566666666666666,599.6634521484375,184.1363067626953,13,1.012536902794471,-0.7265389427771936,5.076923076923077,5.227641700029422,1,507.080078125,181.51808166503906,1.4273613691329956,6.638554096221924
168,5.6,608.436767578125,187.99798583984375,13,1.0867726487379807,-0.6938631967397836,5.076923076923077,5.23809782791702,1,503.9280090332031,185.1988983154297,1.4164166450500488,6.570390701293945
169,5.633333333333334,618.3111572265625,192.26409912109375,13,1.1703251765324518,-0.6577653151292067,5.076923076923077,5.251424964484099,1,500.31280517578125,188.62106323242188,1.4038639068603516,6.507017135620117
170,5.666666666666667,628.6898193359375,196.82266235351562,14,1.1682771519252233,-0.5749647957938059,4.714285714285714,4.890802164883701,1,497.880126953125,192.3963623046875,1.3954170942306519,6.437104225158691
171,5.7,639.7235717773438,201.29893493652344,15,1.1713061930338542,-0.5038078104654948,4.4,4.581023958431728,1,494.8299560546875,196.04733276367188,1.3848261833190918,6.3694939613342285
172,5.733333333333333,651.2290649414062,206.0057830810547,15,1.2556798095703126,-0.46929092407226564,4.4,4.599670178999701,1,493.3155822753906,200.2948760986328,1.3795679807662964,6.290835380554199
173,5.766666666666667,663.6583251953125,211.4641876220703,15,1.3468277180989585,-0.4292626241048178,4.4,4.621494488008506,1,491.2821960449219,204.72161865234375,1.3725075721740723,6.208858966827393
174,5.8,674.703857421875,216.29574584960938,16,1.3385890197753907,-0.36921674728393555,4.125,4.3524437469470145,1,492.6613464355469,208.38429260253906,1.3772963285446167,6.141031742095947
175,5.833333333333333,685.6141357421875,221.25381469726562,16,1.4135971832275391,-0.3351300239562988,4.125,4.373350446669668,1,491.92596435546875,211.70724487304688,1.3747429847717285,6.079495429992676
176,5.866666666666666,694.076904296875,226.59466552734375,17,1.385203498391544,-0.2808580465877757,3.8823529411764706,4.131626112579751,1,495.33612060546875,216.2440643310547,1.3865838050842285,5.995480060577393
177,5.9,701.044921875,232.21200561523438,17,1.4302906709558822,-0.24451055190142465,3.8823529411764706,4.144656942772967,1,496.5254821777344,220.77615356445312,1.3907134532928467,5.911552906036377
178,5.933333333333334,705.4559936523438,237.4422607421875,17,1.4588329001034006,-0.210667724609375,3.8823529411764706,4.152738696387937,1,501.50225830078125,225.17567443847656,1.4079939126968384,5.830080032348633
179,5.966666666666667,708.2954711914062,243.55984497070312,18,1.3951389906141491,-0.16157872517903646,3.6666666666666665,3.9264443115886403,1,502.4764099121094,230.04603576660156,1.4113764762878418,5.7398881912231445
180,6.0,708.2318725585938,249.14956665039062,18,1.3947503323025172,-0.12741931491427952,3.6666666666666665,3.925048867939818,1,505.6192932128906,234.89991760253906,1.422289252281189,5.650001525878906
181,6.033333333333333,706.3472290039062,255.23092651367188,19,1.310431325812089,-0.0855051622892681,3.473684210526316,3.7136267161506122,1,506.8205871582031,240.04100036621094,1.4264603853225708,5.55479621887207
182,6.066666666666666,702.2597045898438,261.0820617675781,19,1.2867667107833058,-0.05163016871402138,3.473684210526316,3.7047154056366276,1,508.218017578125,245.96484375,1.4313125610351562,5.445095539093018
183,6.1,695.985107421875,266.76287841796875,19,1.250440095600329,-0.018741230211759868,3.473684210526316,3.691941719590742,1,509.25042724609375,251.88270568847656,1.4348973035812378,5.335505485534668
184,6.133333333333334,688.7083129882812,272.9031982421875,19,1.2083112857216283,0.016807989823190792,3.473684210526316,3.677877195636633,1,508.39678955078125,257.9090270996094,1.4319332838058472,5.223906993865967
185,6.166666666666667,680.1217041015625,279.66900634765625,20,1.1006693725585937,0.053179534912109375,3.3,3.4791236153120506,1,507.5857849121094,264.0621032714844,1.4291173219680786,5.109961032867432
186,6.2,670.587646484375,286.009033203125,20,1.0482320556640625,0.0880496826171875,3.3,3.463602631528434,1,504.6517028808594,270.0062561035156,1.4189295768737793,4.999884128570557
187,6.233333333333333,660.0776977539062,292.9150695800781,21,0.9432641310918899,0.12003131684802826,3.142857142857143,3.283550785116163,1,502.8188171386719,277.0166015625,1.4125653505325317,4.870062828063965
188,6.266666666666667,649.4505615234375,299.6450500488281,21,0.8875981794084821,0.1552835954938616,3.142857142857143,3.269479246535588,1,499.2403869628906,283.85223388671875,1.4001402854919434,4.7434773445129395
189,6.3,638.16015625,306.8300476074219,21,0.8284579613095238,0.19291929699125743,3.142857142857143,3.255934807273772,1,494.84979248046875,291.38311767578125,1.3848950862884521,4.604016304016113
190,6.333333333333333,626.6875,314.6369323730469,22,0.7334375,0.22318466186523436,3.0,3.096407912355565,1,490.00189208984375,299.1651611328125,1.368062138557434,4.459904193878174
191,6.366666666666666,627.1444091796875,317.8777160644531,22,0.7357220458984375,0.23938858032226562,3.0,3.0981597475291185,0,495.84283447265625,301.955810546875,1.3883432149887085,4.4082255363464355
192,6.4,609.4371948242188,329.1730041503906,23,0.6190474535071331,0.2830013241975204,2.869565217391304,2.9491887081116426,1,484.9544982910156,313.1923828125,1.3505364656448364,4.200140953063965
193,6.433333333333334,609.348388671875,332.6557922363281,23,0.6186227284307064,0.29965813678243886,2.869565217391304,2.9507445866989195,0,486.59112548828125,316.61480712890625,1.3562191724777222,4.136762619018555
194,6.466666666666667,589.4732055664062,346.3087463378906,25,0.48168210449218746,0.33575848388671875,2.64,2.704505760631678,1,472.35418701171875,330.4473571777344,1.3067853450775146,3.8806045055389404
195,6.5,575.4441528320312,358.4500732421875,25,0.41995427246093747,0.38918032226562504,2.64,2.701374263999154,1,462.7076416015625,342.7744445800781,1.2732903957366943,3.65232515335083
196,6.533333333333333,562.6106567382812,369.8836364746094,27,0.33656193485966435,0.40693333378544566,2.4444444444444446,2.5008353236703784,1,455.554443359375,354.3354797363281,1.24845290184021,3.4382317066192627
197,6.566666666666666,561.18603515625,374.1377868652344,27,0.33075792100694446,0.42426505759910305,2.4444444444444446,2.5029403275714976,0,456.712646484375,358.50677490234375,1.2524744272232056,3.360985517501831
198,6.6,559.7614135742188,378.3919372558594,27,0.32495390715422456,0.44159678141276043,2.4444444444444446,2.5051769201204563,0,458.5658264160156,361.9894714355469,1.2589091062545776,3.2964911460876465
199,6.633333333333334,558.3367919921875,382.6460876464844,27,0.3191498933015047,0.45892850522641787,2.4444444444444446,2.5075447492076837,0,461.26104736328125,366.0812072753906,1.2682675123214722,3.2207183837890625
200,6.666666666666667,556.9121704101562,386.9002380371094,27,0.3133458794487847,0.47626022904007526,2.4444444444444446,2.5100434434304413,0,462.997314453125,370.0699462890625,1.2742962837219238,3.146852731704712
201,6.7,555.487548828125,391.1543884277344,27,0.30754186559606483,0.4935919528537327,2.4444444444444446,2.5126726123774223,0,466.0479431152344,373.23974609375,1.284888744354248,3.0881528854370117
202,6.733333333333333,554.0629272460938,395.4085388183594,27,0.30173785174334494,0.5109236766673901,2.4444444444444446,2.515431846925955,0,468.6436767578125,378.1202392578125,1.2939016819000244,2.9977734088897705
203,6.766666666666667,552.6383056640625,399.6626892089844,27,0.29593383789062505,0.5282554004810475,2.4444444444444446,2.5183207195512995,0,470.5523681640625,382.95855712890625,1.3005290031433105,2.908174753189087
204,6.8,551.2136840820312,403.9168395996094,27,0.2901298240379051,0.5455871242947049,2.4444444444444446,2.5213387846475017,0,472.93377685546875,388.4192810058594,1.308797836303711,2.8070502281188965
205,6.833333333333333,549.7890625,408.1709899902344,27,0.2843258101851852,0.5629188481083623,2.4444444444444446,2.524485578859269,0,473.6918640136719,394.44091796875,1.3114300966262817,2.6955385208129883
206,6.866666666666666,548.3644409179688,412.4251403808594,27,0.2785217963324653,0.5802505719220198,2.4444444444444446,2.527760621424308,0,470.5242919921875,398.7631530761719,1.3004316091537476,2.61549711227417
207,6.9,546.9398193359375,416.6792907714844,27,0.2727177824797454,0.5975822957356772,2.4444444444444446,2.5311634145255617,0,466.611083984375,403.3846130371094,1.28684401512146,2.529914617538452
208,6.933333333333334,545.5151977539062,420.9334411621094,27,0.2669137686270255,0.6149140195493346,2.4444444444444446,2.5346934436527646,0,461.58050537109375,406.9648132324219,1.2693767547607422,2.4636144638061523
209,6.966666666666667,544.090576171875,425.1875915527344,27,0.2611097547743056,0.6322457433629919,2.4444444444444446,2.5383501779727378,0,455.2439270019531,411.0393371582031,1.2473747730255127,2.388160467147827
210,7.0,542.6659545898438,429.4417419433594,27,0.2553057409215857,0.6495774671766493,2.4444444444444446,2.5421330707078376,0,452.55877685546875,415.2099609375,1.2380512952804565,2.310926675796509
211,7.033333333333333,541.2413330078125,433.6958923339844,27,0.24950172706886575,0.6669091909903068,2.4444444444444446,2.5460415595219574,0,444.2142028808594,419.0304260253906,1.2090771198272705,2.2401771545410156
212,7.066666666666666,539.8167114257812,437.9500427246094,27,0.24369771321614583,0.6842409148039641,2.4444444444444446,2.5500750669134926,0,442.66436767578125,422.8799743652344,1.2036957740783691,2.168889284133911
213,7.1,538.39208984375,442.2041931152344,27,0.23789369936342594,0.7015726386176215,2.4444444444444446,2.554233000614669,0,440.803466796875,426.6414489746094,1.1972342729568481,2.0992324352264404
214,7.133333333333334,536.9674682617188,446.4583435058594,27,0.23208968551070602,0.718904362431279,2.4444444444444446,2.558514753996641,0,446.6726989746094,433.0093994140625,1.2176135778427124,1.9813073873519897
215,7.166666666666667,535.5428466796875,450.7124938964844,27,0.22628567165798613,0.7362360862449364,2.4444444444444446,2.5629197064797555,0,450.10882568359375,437.3406066894531,1.2295445203781128,1.9010998010635376
216,7.2,534.1182250976562,454.9666442871094,27,0.2204816578052662,0.7535678100585939,2.4444444444444446,2.567447223948405,0,450.1995544433594,437.4956970214844,1.2298595905303955,1.8982278108596802
217,7.233333333333333,532.693603515625,459.2207946777344,27,0.21467764395254632,0.7708995338722512,2.4444444444444446,2.572096659169865,0,448.5634460449219,445.8623962402344,1.224178671836853,1.7432888746261597
218,7.266666666666667,531.2689819335938,463.4749450683594,27,0.2088736300998264,0.7882312576859086,2.4444444444444446,2.576867352216543,0,441.5035705566406,445.6407470703125,1.1996651887893677,1.7473934888839722
219,7.3,529.8443603515625,467.7290954589844,27,0.2030696162471065,0.8055629814995661,2.4444444444444446,2.581758630891069,0,433.4787292480469,448.67626953125,1.1718010902404785,1.6911801099777222
220,7.333333333333333,528.4197387695312,471.9832458496094,27,0.1972656023943866,0.8228947053132235,2.4444444444444446,2.5867698111536455,0,434.21844482421875,449.43597412109375,1.1743695735931396,1.6771115064620972
221,7.366666666666666,526.9951171875,476.2373962402344,27,0.1914615885416667,0.840226429126881,2.4444444444444446,2.5919001975511167,0,429.44232177734375,452.0955810546875,1.1577858924865723,1.6278595924377441
222,7.4,525.5704956054688,480.4915466308594,27,0.18565757468894678,0.8575581529405383,2.4444444444444446,2.597149083647198,0,424.66156005859375,454.2651672363281,1.141185998916626,1.5876820087432861
223,7.433333333333334,524.1458740234375,484.7456970214844,27,0.17985356083622686,0.8748898767541957,2.4444444444444446,2.6025157524533356,0,422.0566711425781,456.8559265136719,1.1321412324905396,1.5397050380706787
224,7.466666666666667,522.7212524414062,488.9998474121094,27,0.17404954698350694,0.8922216005678529,2.4444444444444446,2.6079994768596744,0,417.1276550292969,459.86566162109375,1.115026593208313,1.4839692115783691
225,7.5,521.296630859375,493.2539978027344,27,0.16824553313078705,0.9095533243815104,2.4444444444444446,2.613599520065618,0,413.76947021484375,464.2737731933594,1.1033662557601929,1.4023374319076538
226,7.533333333333333,519.8720092773438,497.5081481933594,27,0.16244151927806713,0.9268850481951678,2.4444444444444446,2.619315136009494,0,411.21258544921875,468.08489990234375,1.0944881439208984,1.3317610025405884
227,7.566666666666666,518.4473876953125,501.7622985839844,27,0.15663750542534724,0.9442167720088253,2.4444444444444446,2.6251455697968353,0,411.4420471191406,471.4990234375,1.0952849388122559,1.2685365676879883
228,7.6,517.0227661132812,506.0164489746094,27,0.15083349157262732,0.9615484958224827,2.4444444444444446,2.631090058126817,0,407.2191162109375,475.3356018066406,1.0806219577789307,1.197488784790039
229,7.633333333333334,515.59814453125,510.2705993652344,27,0.14502947771990743,0.9788802196361401,2.4444444444444446,2.6371478297163997,0,405.3183898925781,478.5965270996094,1.0740221738815308,1.1371012926101685
230,7.666666666666667,514.1735229492188,514.5247802734375,27,0.1392254638671875,0.9962120677806714,2.4444444444444446,2.6433181525794778,0,399.10955810546875,481.53558349609375,1.0524637699127197,1.082674264907837
231,7.7,512.7489013671875,518.7789306640625,27,0.1334214500144676,1.0135437915943288,2.4444444444444446,2.6496001477163835,0,392.22052001953125,483.136474609375,1.028543472290039,1.0530282258987427
232,7.733333333333333,511.3242492675781,523.0330810546875,27,0.12761731183087385,1.0308755154079863,2.4444444444444446,2.6559930625891948,0,392.57171630859375,484.5828552246094,1.029762864112854,1.0262433290481567
233,7.766666666666667,509.89959716796875,527.2872314453125,27,0.1218131736472801,1.0482072392216437,2.4444444444444446,2.6624961047118907,0,395.8359069824219,485.4051208496094,1.0410969257354736,1.0110162496566772
234,7.8,508.4749450683594,531.5413818359375,27,0.11600903546368635,1.0655389630353012,2.4444444444444446,2.6691084691392497,0,370.65338134765625,487.3790588378906,0.9536575675010681,0.9744617938995361
235,7.833333333333333,507.05029296875,535.7955322265625,27,0.1102048972800926,1.0828706868489584,2.4444444444444446,2.6758293454173345,0,378.0576171875,489.06842041015625,0.9793667197227478,0.943177342414856
236,7.866666666666666,505.6256408691406,540.0496826171875,27,0.10440075909649885,1.1002024106626158,2.4444444444444446,2.6826579179804244,0,356.2744140625,490.3456115722656,0.9037306308746338,0.9195256233215332
237,7.9,504.20098876953125,544.3038330078125,27,0.0985966209129051,1.1175341344762733,2.4444444444444446,2.6895933665426797,0,364.0232238769531,493.3416442871094,0.9306361675262451,0.8640435338020325
238,7.933333333333334,502.7763366699219,548.5579833984375,27,0.09279248272931134,1.1348658582899307,2.4444444444444446,2.6966348664842483,0,342.71875,498.3741149902344,0.8566623330116272,0.7708496451377869
239,7.966666666666667,501.3516845703125,552.8121337890625,27,0.08698834454571759,1.1521975821035881,2.4444444444444446,2.703781589231547,0,356.59844970703125,503.41497802734375,0.9048557281494141,0.6775003671646118
240,8.0,499.9270324707031,557.0662841796875,27,0.08118420636212384,1.1695293059172456,2.4444444444444446,2.7110327026314587,0,335.5592041015625,505.4757385253906,0.8318027853965759,0.6393380761146545
241,8.033333333333333,498.50238037109375,561.3204345703125,27,0.0753800681785301,1.1868610297309028,2.4444444444444446,2.718387371319218,0,343.52545166015625,509.90301513671875,0.8594633936882019,0.5573515295982361
242,8.066666666666666,497.0777282714844,565.5745849609375,27,0.06957592999493635,1.2041927535445602,2.4444444444444446,2.725844757079757,0,318.97308349609375,512.3724975585938,0.774212121963501,0.5116203427314758
243,8.1,495.653076171875,569.8287353515625,27,0.0637717918113426,1.2215244773582177,2.4444444444444446,2.7334040192023217,0,325.0355529785156,515.1873779296875,0.795262336730957,0.45949292182922363
244,8.133333333333333,494.2284240722656,574.0828857421875,27,0.05796765362774885,1.2388562011718751,2.4444444444444446,2.74106431482817,0,315.76776123046875,515.9329833984375,0.7630825042724609,0.44568541646003723
245,8.166666666666666,492.80377197265625,578.3370361328125,27,0.052163515444155095,1.2561879249855323,2.4444444444444446,2.7488247992911914,0,324.9696350097656,521.1101684570312,0.7950334548950195,0.3498116135597229
246,8.2,491.3791198730469,582.5911865234375,27,0.046359377260561344,1.2735196487991898,2.4444444444444446,2.7566846264512934,0,319.7185363769531,524.0912475585938,0.7768004536628723,0.29460644721984863
247,8.233333333333333,489.9544677734375,586.8453369140625,27,0.04055523907696759,1.2908513726128472,2.4444444444444446,2.7646429490204283,0,325.854736328125,529.8828735351562,0.7981067299842834,0.18735411763191223
248,8.266666666666667,488.5298156738281,591.0994873046875,27,0.03475110089337385,1.3081830964265047,2.4444444444444446,2.772698918881141,0,321.272216796875,531.29931640625,0.7821952104568481,0.16112369298934937
249,8.3,487.10516357421875,595.3536376953125,27,0.028946962709780096,1.325514820240162,2.4444444444444446,2.780851687397539,0,322.3370056152344,536.1196899414062,0.7858923673629761,0.0718575194478035
250,8.333333333333334,485.6805114746094,599.6077880859375,27,0.023142824526186344,1.3428465440538195,2.4444444444444446,2.7891004057185977,0,321.0713806152344,537.7457885742188,0.7814978361129761,0.04174458235502243
251,8.366666666666667,484.255859375,603.8619384765625,27,0.017338686342592596,1.360178267867477,2.4444444444444446,2.797444225073731,0,317.098876953125,541.4449462890625,0.767704427242279,-0.026758339256048203
252,8.4,482.8312072753906,608.1160888671875,27,0.011534548158998844,1.3775099916811344,2.4444444444444446,2.80588229706057,0,316.26849365234375,544.1673583984375,0.7648211717605591,-0.0771733820438385
253,8.433333333333334,481.40655517578125,612.3702392578125,27,0.005730409975405093,1.3948417154947919,2.4444444444444446,2.814413773924909,0,312.3304138183594,548.5148315429688,0.7511472702026367,-0.1576821357011795
254,8.466666666666667,479.9819030761719,616.6243896484375,27,-7.372820818865742e-05,1.412173439308449,2.4444444444444446,2.823037808832785,0,312.65869140625,551.9291381835938,0.7522871494293213,-0.22091004252433777
255,8.5,478.5572509765625,620.8785400390625,27,-0.0058778663917824076,1.4295051631221065,2.4444444444444446,2.831753556134677,0,306.18414306640625,555.4080810546875,0.7298060655593872,-0.28533491492271423
256,8.533333333333333,477.1325988769531,625.1326904296875,27,-0.011682004575376157,1.446836886935764,2.4444444444444446,2.8405601716218194,0,309.8701477050781,558.1727294921875,0.742604672908783,-0.3365321159362793
257,8.566666666666666,475.70794677734375,629.3868408203125,27,-0.017486142758969907,1.4641686107494214,2.4444444444444446,2.849456812774636,0,303.55810546875,562.5625,0.7206878662109375,-0.4178241491317749
258,8.6,474.2832946777344,633.6409912109375,27,-0.02329028094256366,1.4815003345630788,2.4444444444444446,2.85844263900331,0,308.06866455078125,565.5554809570312,0.7363495230674744,-0.47324973344802856
259,8.633333333333333,472.858642578125,637.8951416015625,27,-0.02909441912615741,1.4988320583767363,2.4444444444444446,2.8675168118805234,0,304.2404479980469,569.273193359375,0.7230570912361145,-0.5420962572097778
260,8.666666666666666,471.4339904785156,642.1492919921875,27,-0.03489855730975116,1.5161637821903937,2.4444444444444446,2.8766784953663995,0,310.69635009765625,575.1166381835938,0.7454734444618225,-0.6503081917762756
261,8.7,470.00933837890625,646.4034423828125,27,-0.04070269549334491,1.5334955060040512,2.4444444444444446,2.8859268560256957,0,309.3879089355469,579.3447265625,0.7409302592277527,-0.728606104850769
262,8.733333333333333,468.5846862792969,650.6575927734375,27,-0.04650683367693866,1.5508272298177086,2.4444444444444446,2.895261063237309,0,315.763916015625,585.5318603515625,0.7630691528320312,-0.8431826829910278
263,8.766666666666667,467.1600341796875,654.9117431640625,27,-0.052310971860532414,1.568158953631366,2.4444444444444446,2.9046802893961536,0,321.2226867675781,590.4668579101562,0.7820231914520264,-0.9345715045928955
264,8.8,465.7353820800781,659.1658935546875,27,-0.058115110044126166,1.5854906774450233,2.4444444444444446,2.9141837101074852,0,318.6352233886719,592.4114379882812,0.7730389833450317,-0.9705822467803955
265,8.833333333333334,464.31072998046875,663.4200439453125,27,-0.06391924822771991,1.6028224012586807,2.4444444444444446,2.9237705043737527,0,325.75250244140625,594.8214721679688,0.7977517247200012,-1.0152125358581543
266,8.866666666666667,462.8860778808594,667.6741943359375,27,-0.06972338641131366,1.6201541250723381,2.4444444444444446,2.9334398547740643,0,321.3339538574219,595.087646484375,0.7824095487594604,-1.0201417207717896
267,8.9,461.46142578125,671.9283447265625,27,-0.07552752459490741,1.6374858488859956,2.4444444444444446,2.943190947636363,0,329.9886169433594,598.022705078125,0.8124604821205139,-1.0744946002960205
268,8.933333333333334,460.0367736816406,676.1824951171875,27,-0.08133166277850117,1.6548175726996528,2.4444444444444446,2.953022973202409,0,335.4790344238281,605.7979125976562,0.8315244317054749,-1.2184799909591675
269,8.966666666666667,458.61212158203125,680.4366455078125,27,-0.08713580096209492,1.6721492965133102,2.4444444444444446,2.962935125785675,0,346.948974609375,611.5039672851562,0.8713505864143372,-1.3241475820541382
270,9.0,457.1874694824219,684.6907958984375,27,-0.09293993914568867,1.6894810203269677,2.4444444444444446,2.972926603922264,0,341.9172668457031,614.377685546875,0.8538793921470642,-1.3773646354675293
271,9.033333333333333,455.7628173828125,688.9449462890625,27,-0.09874407732928242,1.706812744140625,2.4444444444444446,2.9829966105149652,0,351.3966064453125,619.1774291992188,0.8867937922477722,-1.4662487506866455
272,9.066666666666666,454.3381652832031,693.1990966796875,27,-0.10454821551287617,1.7241444679542826,2.4444444444444446,2.993144352970567,0,351.2682800292969,622.2578125,0.8863481879234314,-1.523292899131775
273,9.1,452.91351318359375,697.4532470703125,27,-0.11035235369646991,1.7414761917679398,2.4444444444444446,3.0033690433305438,0,359.0693054199219,624.569580078125,0.9134351015090942,-1.566103458404541
274,9.133333333333333,451.4888610839844,701.7073974609375,27,-0.11615649188006368,1.7588079155815974,2.4444444444444446,3.0136698983952566,0,353.9979248046875,628.157958984375,0.8958261013031006,-1.6325548887252808
275,9.166666666666666,450.064208984375,705.9615478515625,27,-0.12196063006365743,1.7761396393952547,2.4444444444444446,3.024046139841775,0,358.5053405761719,630.2339477539062,0.9114768505096436,-1.6709991693496704
276,9.2,448.6395568847656,710.2156982421875,27,-0.12776476824725116,1.7934713632089123,2.4444444444444446,3.0344969943354725,0,360.7321472167969,636.8440551757812,0.919208824634552,-1.7934085130691528
277,9.233333333333333,447.21490478515625,714.4698486328125,27,-0.13356890643084493,1.8108030870225695,2.4444444444444446,3.0450216936355163,0,364.38665771484375,641.3125610351562,0.9318981170654297,-1.876158595085144
278,9.266666666666667,445.7902526855469,718.7239990234375,27,-0.13937304461443867,1.8281348108362272,2.4444444444444446,3.055619474694389,0,361.94244384765625,641.6598510742188,0.9234112501144409,-1.8825899362564087
279,9.3,444.3656005859375,722.9781494140625,27,-0.14517718279803243,1.8454665346498844,2.4444444444444446,3.0662895797515826,0,359.0456848144531,644.5868530273438,0.9133530855178833,-1.9367936849594116
280,9.333333333333334,442.9409484863281,727.2322998046875,27,-0.15098132098162617,1.8627982584635416,2.4444444444444446,3.0770312564215967,0,360.150634765625,651.097412109375,0.9171897172927856,-2.057359457015991
281,9.366666666666667,441.51629638671875,731.4864501953125,27,-0.15678545916521994,1.8801299822771993,2.4444444444444446,3.0878437577763904,0,361.7935485839844,656.1621704101562,0.9228942394256592,-2.151151418685913
282,9.4,440.0916442871094,735.7406005859375,27,-0.16258959734881367,1.8974617060908565,2.4444444444444446,3.0987263424224123,0,363.59222412109375,663.473388671875,0.9291396737098694,-2.2865443229675293
283,9.433333333333334,438.6669921875,739.9947509765625,27,-0.16839373553240744,1.9147934299045142,2.4444444444444446,3.109678274572365,0,359.8496398925781,665.4130859375,0.916144609451294,-2.32246470451355
284,9.466666666666667,437.2423400878906,744.2489013671875,27,-0.17419787371600118,1.9321251537181714,2.4444444444444446,3.120698824111829,0,362.09515380859375,670.4854125976562,0.9239414930343628,-2.4163966178894043
285,9.5,435.81768798828125,748.5030517578125,27,-0.18000201189959492,1.949456877531829,2.4444444444444446,3.1317872666609015,0,362.40557861328125,674.3194580078125,0.925019383430481,-2.4873974323272705
286,9.533333333333333,434.3930358886719,752.7572021484375,27,-0.18580615008318868,1.9667886013454863,2.4444444444444446,3.142942883630974,0,361.5410461425781,679.12353515625,0.922017514705658,-2.576361894607544
287,9.566666666666666,432.9683837890625,757.0113525390625,27,-0.19161028826678242,1.984120325159144,2.4444444444444446,3.1541649622768015,0,368.6062927246094,684.0363159179688,0.946549654006958,-2.667339324951172
288,9.6,431.5437316894531,761.2655029296875,27,-0.19741442645037618,2.001452048972801,2.4444444444444446,3.165452795743993,0,364.39593505859375,688.0936889648438,0.9319303035736084,-2.742475748062134
289,9.633333333333333,430.11907958984375,765.5196533203125,27,-0.20321856463396992,2.0187837727864584,2.4444444444444446,3.1768056831120672,0,369.4966125488281,691.212890625,0.9496409893035889,-2.800238847732544
290,9.666666666666666,428.6944274902344,769.7738037109375,27,-0.2090227028175637,2.036115496600116,2.4444444444444446,3.1882229294331985,0,364.1896667480469,696.7886352539062,0.9312140941619873,-2.9034934043884277
291,9.7,427.269775390625,774.0279541015625,27,-0.21482684100115743,2.0534472204137733,2.4444444444444446,3.1997038457668077,0,373.49786376953125,700.6055908203125,0.9635342359542847,-2.974177598953247
292,9.733333333333333,425.8451232910156,778.2821044921875,27,-0.2206309791847512,2.0707789442274307,2.4444444444444446,3.211247749210111,0,372.56494140625,710.6488647460938,0.9602949619293213,-3.1601643562316895
293,9.766666666666667,424.42047119140625,782.5362548828125,27,-0.22643511736834493,2.088110668041088,2.4444444444444446,3.2228539629247748,0,384.28509521484375,714.8655395507812,1.0009899139404297,-3.238250732421875
294,9.8,422.9958190917969,786.7904052734375,27,-0.23223925555193867,2.1054423918547456,2.4444444444444446,3.234521816159795,0,379.72796630859375,719.7628784179688,0.9851665496826172,-3.32894229888916
295,9.833333333333334,421.5711669921875,791.0445556640625,27,-0.23804339373553243,2.122774115668403,2.4444444444444446,3.2462506442707424,0,387.18084716796875,723.7150268554688,1.0110446214675903,-3.402130126953125
296,9.866666666666667,420.1465148925781,795.2987060546875,27,-0.24384753191912617,2.1401058394820605,2.4444444444444446,3.2580397887354864,0,383.0016784667969,728.283935546875,0.9965336322784424,-3.4867396354675293
297,9.9,418.72186279296875,799.5528564453125,27,-0.24965167010271994,2.157437563295718,2.4444444444444446,3.269888597166538,0,390.74932861328125,731.1802978515625,1.023435115814209,-3.5403759479522705
298,9.933333333333334,417.2972106933594,803.8070068359375,27,-0.2554558082863137,2.174769287109375,2.4444444444444446,3.2817964233201216,0,385.8109130859375,732.5562744140625,1.006287932395935,-3.56585693359375
299,9.966666666666667,415.87255859375,808.0611572265625,27,-0.2612599464699074,2.1921010109230328,2.4444444444444446,3.2937626271021037,0,389.98590087890625,734.8458251953125,1.0207843780517578,-3.6082561016082764
300,10.0,414.4479064941406,812.3153076171875,27,-0.2670640846535012,2.2094327347366898,2.4444444444444446,3.3057865745708948,0,386.073974609375,739.667236328125,1.0072013139724731,-3.6975414752960205
301,10.033333333333333,413.02325439453125,816.5694580078125,27,-0.27286822283709494,2.2267644585503477,2.4444444444444446,3.317867637937446,0,388.16845703125,754.1383056640625,1.014473795890808,-3.965524196624756
302,10.066666666666666,411.5986022949219,820.8236083984375,27,-0.27867236102068865,2.2440961823640047,2.4444444444444446,3.3300051955624412,0,389.78997802734375,762.4653930664062,1.0201040506362915,-4.119729518890381
303,10.1,410.1739501953125,825.0777587890625,27,-0.2844764992042824,2.2614279061776625,2.4444444444444446,3.342198631950818,0,408.6173400878906,769.326171875,1.0854768753051758,-4.246780872344971
304,10.133333333333333,408.7492980957031,829.3319091796875,27,-0.2902806373878762,2.2787596299913195,2.4444444444444446,3.3544473377436996,0,391.61834716796875,773.7489013671875,1.0264525413513184,-4.328683376312256
305,10.166666666666666,407.32464599609375,833.5860595703125,27,-0.29608477557146995,2.296091353804977,2.4444444444444446,3.3667507097078766,0,398.5798645019531,782.9093627929688,1.0506244897842407,-4.498321533203125
306,10.2,405.8999938964844,837.8402099609375,27,-0.30188891375506366,2.3134230776186344,2.4444444444444446,3.379108150722909,0,382.10662841796875,783.3617553710938,0.9934257864952087,-4.506699085235596
307,10.233333333333333,404.475341796875,842.0943603515625,27,-0.3076930519386574,2.330754801432292,2.4444444444444446,3.391519069765983,0,401.8095397949219,790.916748046875,1.0618386268615723,-4.6466064453125
308,10.266666666666667,403.0506896972656,846.3485107421875,27,-0.3134971901222512,2.3480865252459493,2.4444444444444446,3.403982881894598,0,405.70733642578125,797.58056640625,1.0753726959228516,-4.770010471343994
309,10.3,401.62603759765625,850.6026611328125,27,-0.31930132830584496,2.3654182490596067,2.4444444444444446,3.4164990082271944,0,407.91143798828125,800.3883666992188,1.0830258131027222,-4.822006702423096
310,10.333333333333334,400.2013854980469,854.8568115234375,27,-0.32510546648943867,2.382749972873264,2.4444444444444446,3.4290668759218104,0,394.0454406738281,801.1188354492188,1.0348800420761108,-4.83553409576416
311,10.366666666666667,398.7767333984375,859.1109619140625,27,-0.33090960467303243,2.400081696686921,2.4444444444444446,3.4416859181528667,0,409.4956359863281,803.1383666992188,1.0885264873504639,-4.8729329109191895
312,10.4,397.3520812988281,863.3651123046875,27,-0.3367137428566262,2.417413420500579,2.4444444444444446,3.454355574086162,0,398.3442687988281,803.9296875,1.0498064756393433,-4.887587070465088
313,10.433333333333334,395.92742919921875,867.6192626953125,27,-0.3425178810402199,2.434745144314236,2.4444444444444446,3.467075288852168,0,408.0654296875,807.4786987304688,1.0835604667663574,-4.953309535980225
314,10.466666666666667,394.5027770996094,871.8734130859375,27,-0.3483220192238137,2.452076868127894,2.4444444444444446,3.479844513517718,0,402.6268005371094,808.5468139648438,1.0646764039993286,-4.973089218139648
315,10.5,393.078125,876.1275634765625,27,-0.35412615740740744,2.469408591941551,2.4444444444444446,3.4926627050561576,0,415.2205810546875,817.0655517578125,1.1084047555923462,-5.130843639373779
316,10.533333333333333,391.6534729003906,880.3817138671875,27,-0.3599302955910012,2.486740315755209,2.4444444444444446,3.5055293263160485,0,407.7568664550781,819.1763916015625,1.0824891328811646,-5.169933319091797
317,10.566666666666666,390.22882080078125,884.6358642578125,27,-0.3657344337745949,2.504072039568866,2.4444444444444446,3.518443845988495,0,417.9934387207031,824.0606079101562,1.1180328130722046,-5.260381698608398
318,10.6,388.8041687011719,888.8900146484375,27,-0.3715385719581887,2.5214037633825233,2.4444444444444446,3.5314057385731807,0,414.1469421386719,825.5673217773438,1.1046768426895142,-5.288283824920654
319,10.633333333333333,387.3795166015625,893.1441650390625,27,-0.37734271014178244,2.5387354871961807,2.4444444444444446,3.5444144843431733,0,425.2038879394531,828.848876953125,1.1430690288543701,-5.349053382873535
320,10.666666666666666,385.9548645019531,897.3983154296875,27,-0.38314684832537615,2.556067211009838,2.4444444444444446,3.5574695693085823,0,422.3245849609375,832.9761352539062,1.1330714225769043,-5.4254841804504395
321,10.7,384.53021240234375,901.6524658203125,27,-0.3889509865089699,2.5733989348234956,2.4444444444444446,3.570570485179128,0,432.32049560546875,840.3195190429688,1.1677794456481934,-5.5614728927612305
322,10.733333333333333,383.1055603027344,905.9066162109375,27,-0.3947551246925637,2.590730658637153,2.4444444444444446,3.5837167293256935,0,429.0322265625,840.0075073242188,1.1563619375228882,-5.555694580078125
323,10.766666666666667,381.680908203125,910.1607666015625,27,-0.40055926287615745,2.6080623824508105,2.4444444444444446,3.5969078047409275,0,435.464599609375,844.145751953125,1.1786965131759644,-5.632328987121582
324,10.8,380.2562561035156,914.4149169921875,27,-0.40636340105975116,2.625394106264468,2.4444444444444446,3.6101432199989465,0,435.73748779296875,845.2523193359375,1.1796441078186035,-5.652821063995361
325,10.833333333333334,378.83160400390625,918.6690673828125,27,-0.4121675392433449,2.6427258300781253,2.4444444444444446,3.6234224892142155,0,438.8555603027344,848.460693359375,1.1904706954956055,-5.712234973907471
326,10.866666666666667,377.4069519042969,922.9232177734375,27,-0.4179716774269387,2.6600575538917828,2.4444444444444446,3.6367451319996476,0,440.97662353515625,848.4402465820312,1.1978354454040527,-5.711856365203857
327,10.9,375.9822998046875,927.1773681640625,27,-0.4237758156105324,2.6773892777054398,2.4444444444444446,3.6501106734239905,0,442.048828125,852.1694946289062,1.2015584707260132,-5.780916690826416
328,10.933333333333334,374.5576477050781,931.4315185546875,27,-0.42957995379412617,2.6947210015190977,2.4444444444444446,3.66351864396855,0,447.90106201171875,857.8746948242188,1.2218786478042603,-5.886568546295166
329,10.966666666666667,373.13299560546875,935.6856689453125,27,-0.43538409197771993,2.7120527253327547,2.4444444444444446,3.6769685794832943,0,446.1839599609375,862.9702758789062,1.2159165143966675,-5.980931282043457
330,11.0,371.7083435058594,939.9398193359375,27,-0.4411882301613137,2.7293844491464125,2.4444444444444446,3.6904600211424117,0,459.6639099121094,867.7254638671875,1.2627218961715698,-6.068990230560303
331,11.033333333333333,370.28369140625,944.1939697265625,27,-0.4469923683449074,2.7467161729600695,2.4444444444444446,3.7039925153993374,0,449.59130859375,870.0678100585938,1.2277475595474243,-6.112367153167725
332,11.066666666666666,368.8590393066406,948.4481201171875,27,-0.4527965065285012,2.764047896773727,2.4444444444444446,3.7175656139413316,0,463.0882568359375,874.9854736328125,1.2746119499206543,-6.203434944152832
333,11.1,367.43438720703125,952.7022705078125,27,-0.45860064471209494,2.7813796205873844,2.4444444444444446,3.731178873643621,0,447.6684875488281,876.6005249023438,1.2210711240768433,-6.233343124389648
334,11.133333333333333,366.0097351074219,956.9564208984375,27,-0.4644047828956887,2.798711344401042,2.4444444444444446,3.744831856523172,0,460.93798828125,884.696044921875,1.2671457529067993,-6.383260250091553
335,11.166666666666666,364.5850830078125,961.2105712890625,27,-0.4702089210792824,2.8160430682146993,2.4444444444444446,3.75852412969212,0,456.1081848144531,887.6823120117188,1.2503756284713745,-6.43856143951416
336,11.2,363.1604309082031,965.4647216796875,27,-0.4760130592628762,2.8333747920283567,2.4444444444444446,3.772255265310905,0,464.5863952636719,893.546630859375,1.2798138856887817,-6.5471601486206055
337,11.233333333333333,361.73577880859375,969.7188720703125,27,-0.48181719744646995,2.850706515842014,2.4444444444444446,3.7860248405411445,0,461.97027587890625,895.5365600585938,1.2707301378250122,-6.584010601043701
338,11.266666666666667,360.3111267089844,973.9730224609375,27,-0.48762133563006366,2.868038239655671,2.4444444444444446,3.799832437498285,0,467.91827392578125,904.72412109375,1.291382908821106,-6.754150390625
339,11.3,358.886474609375,978.2271728515625,27,-0.4934254738136574,2.885369963469329,2.4444444444444446,3.8136776432040684,0,466.0503234863281,908.4885864257812,1.284896969795227,-6.8238630294799805
340,11.333333333333334,357.4618225097656,982.4813232421875,27,-0.4992296119972512,2.902701687282986,2.4444444444444446,3.8275600495388353,0,464.1855773925781,913.3851318359375,1.2784221172332764,-6.914539813995361
341,11.366666666666667,356.03717041015625,986.7354736328125,27,-0.505033750180845,2.920033411096644,2.4444444444444446,3.8414792531937145,0,468.0478210449219,917.0448608398438,1.291832685470581,-6.982312202453613
342,11.4,354.6125183105469,990.9896240234375,27,-0.5108378883644387,2.937365134910301,2.4444444444444446,3.8554348556227165,0,465.5044860839844,920.0778198242188,1.2830016613006592,-7.038478374481201
343,11.433333333333334,353.1878662109375,995.2437744140625,27,-0.5166420265480324,2.954696858723959,2.4444444444444446,3.8694264629947677,0,469.62115478515625,923.81640625,1.2972956895828247,-7.107711315155029
344,11.466666666666667,351.7632141113281,999.4979248046875,27,-0.5224461647316262,2.972028582537616,2.4444444444444446,3.8834536861457027,0,468.7724304199219,929.3552856445312,1.2943487167358398,-7.210283279418945
345,11.5,350.33856201171875,1003.7520751953125,27,-0.5282503029152199,2.9893603063512737,2.4444444444444446,3.8975161405302625,0,472.8926696777344,935.865966796875,1.3086551427841187,-7.3308515548706055
346,11.533333333333333,348.9139099121094,1008.0062255859375,27,-0.5340544410988137,3.0066920301649307,2.4444444444444446,3.9116134461740963,0,471.6330871582031,937.9981079101562,1.3042815923690796,-7.370335578918457
347,11.566666666666666,347.4892578125,1012.2603759765625,27,-0.5398585792824074,3.024023753978588,2.4444444444444446,3.9257452276258173,0,473.870361328125,943.0213623046875,1.3120498657226562,-7.4633588790893555
348,11.6,346.0646057128906,1016.5145263671875,27,-0.5456627174660011,3.0413554777922456,2.4444444444444446,3.9399111139091185,0,472.58074951171875,946.267822265625,1.3075720071792603,-7.5234785079956055
349,11.633333333333333,344.63995361328125,1020.7686767578125,27,-0.551466855649595,3.058687201605903,2.4444444444444446,3.954110738474975,0,472.0481872558594,949.4343872070312,1.3057228326797485,-7.582118511199951
350,11.666666666666666,343.2153015136719,1025.0228271484375,27,-0.5572709938331887,3.0760189254195605,2.4444444444444446,3.968343739153962,0,471.1493225097656,951.4871826171875,1.3026018142700195,-7.620132923126221
351,11.7,341.7906494140625,1029.2769775390625,27,-0.5630751320167824,3.093350649233218,2.4444444444444446,3.982609758108695,0,471.0047607421875,957.3301391601562,1.3020998239517212,-7.728335857391357
352,11.733333333333333,340.3659973144531,1033.5311279296875,27,-0.5688792702003762,3.1106823730468753,2.4444444444444446,3.9969084417864216,0,473.29669189453125,959.1530151367188,1.3100579977035522,-7.7620930671691895
353,11.766666666666667,338.94134521484375,1037.7852783203125,27,-0.5746834083839699,3.1280140968605328,2.4444444444444446,4.011239440871779,0,473.3622741699219,964.2991943359375,1.3102856874465942,-7.85739278793335
354,11.8,337.5166931152344,1042.0394287109375,27,-0.5804875465675636,3.14534582067419,2.4444444444444446,4.025602410239731,0,473.8525085449219,966.673095703125,1.3119878768920898,-7.90135383605957
355,11.833333333333334,336.092041015625,1046.2935791015625,27,-0.5862916847511574,3.1626775444878477,2.4444444444444446,4.0399970089087125,0,472.5393981933594,971.4739379882812,1.3074284791946411,-7.99025821685791
356,11.866666666666667,334.6673889160156,1050.5477294921875,27,-0.5920958229347512,3.1800092683015047,2.4444444444444446,4.054422899993976,0,473.7865295410156,975.8635864257812,1.3117587566375732,-8.071548461914062
357,11.9,333.24273681640625,1054.8018798828125,27,-0.597899961118345,3.1973409921151625,2.4444444444444446,4.068879750661181,0,472.41583251953125,980.432861328125,1.3069994449615479,-8.156164169311523
358,11.933333333333334,331.8180847167969,1059.0560302734375,27,-0.6037040993019387,3.2146727159288195,2.4444444444444446,4.083367232080216,0,472.6978454589844,983.2861328125,1.307978630065918,-8.209002494812012
359,11.966666666666667,330.3934326171875,1063.3101806640625,27,-0.6095082374855324,3.232004439742477,2.4444444444444446,4.097885019379278,0,471.3127136230469,985.18408203125,1.3031691312789917,-8.244150161743164
360,12.0,328.9687805175781,1067.5643310546875,27,-0.6153123756691262,3.2493361635561344,2.4444444444444446,4.1124327915992245,0,472.78741455078125,991.2070922851562,1.308289647102356,-8.355687141418457
361,12.033333333333333,327.54412841796875,1071.8184814453125,27,-0.6211165138527199,3.266667887369792,2.4444444444444446,4.127010231648195,0,471.4954833984375,993.4174194335938,1.30380380153656,-8.396618843078613
362,12.066666666666666,326.1194763183594,1076.0726318359375,27,-0.6269206520363136,3.2839996111834493,2.4444444444444446,4.141617026256531,0,473.1577453613281,998.150146484375,1.3095755577087402,-8.484262466430664
363,12.1,324.69482421875,1080.3267822265625,27,-0.6327247902199075,3.3013313349971067,2.4444444444444446,4.156252865931994,0,472.44927978515625,998.6236572265625,1.3071155548095703,-8.493030548095703
364,12.133333333333333,323.2701721191406,1084.5809326171875,27,-0.6385289284035012,3.318663058810764,2.4444444444444446,4.170917444915285,0,471.1954650878906,1002.62158203125,1.3027620315551758,-8.567066192626953
365,12.166666666666666,321.84552001953125,1088.8350830078125,27,-0.6443330665870949,3.335994782624421,2.4444444444444446,4.18561046113589,0,470.88739013671875,1005.903076171875,1.3016923666000366,-8.627835273742676
366,12.2,320.4208679199219,1093.0892333984375,27,-0.6501372047706887,3.353326506438079,2.4444444444444446,4.200331616168248,0,471.9166564941406,1009.2877197265625,1.3052661418914795,-8.690513610839844
367,12.233333333333333,318.9962158203125,1097.3433837890625,27,-0.6559413429542824,3.370658230251736,2.4444444444444446,4.215080615188248,0,467.9336242675781,1009.9337158203125,1.2914361953735352,-8.702476501464844
368,12.266666666666667,317.5715637207031,1101.5975341796875,27,-0.6617454811378761,3.387989954065394,2.4444444444444446,4.229857166930077,0,472.7242736816406,1017.7844848632812,1.308070421218872,-8.847861289978027
369,12.3,316.14691162109375,1105.8516845703125,27,-0.66754961932147,3.405321677879051,2.4444444444444446,4.244660983643398,0,463.8207092285156,1014.7885131835938,1.2771552801132202,-8.792380332946777
370,12.333333333333334,314.7222595214844,1110.1058349609375,27,-0.6733537575050637,3.4226534016927084,2.4444444444444446,4.2594917810509,0,471.7466125488281,1023.9170532226562,1.3046756982803345,-8.961426734924316
371,12.366666666666667,313.297607421875,1114.3599853515625,27,-0.6791578956886575,3.4399851255063663,2.4444444444444446,4.274349278306185,0,467.27166748046875,1023.7219848632812,1.2891377210617065,-8.95781421661377
372,12.4,311.8729553222656,1118.6141357421875,27,-0.6849620338722512,3.4573168493200237,2.4444444444444446,4.289233197952036,0,470.16497802734375,1030.704833984375,1.299183964729309,-9.087126731872559
373,12.433333333333334,310.44830322265625,1122.8682861328125,27,-0.6907661720558449,3.4746485731336807,2.4444444444444446,4.304143265879043,0,470.06024169921875,1033.4271240234375,1.2988202571868896,-9.137539863586426
374,12.466666666666667,309.0236511230469,1127.1224365234375,27,-0.6965703102394387,3.491980296947338,2.4444444444444446,4.3190792112846,0,468.071533203125,1032.0931396484375,1.2919150590896606,-9.112835884094238
375,12.5,307.5989990234375,1131.3765869140625,27,-0.7023744484230324,3.509312020760995,2.4444444444444446,4.334040766632277,0,471.777587890625,1036.3790283203125,1.3047833442687988,-9.192204475402832
376,12.533333333333333,306.1743469238281,1135.6307373046875,27,-0.7081785866066261,3.5266437445746535,2.4444444444444446,4.349027667611578,0,465.7864990234375,1041.439208984375,1.2839808464050293,-9.285911560058594
377,12.566666666666666,304.74969482421875,1139.8848876953125,27,-0.71398272479022,3.5439754683883105,2.4444444444444446,4.36403965309807,0,472.4721374511719,1043.4571533203125,1.3071949481964111,-9.323280334472656
378,12.6,303.3250427246094,1144.1390380859375,27,-0.7197868629738137,3.561307192201968,2.4444444444444446,4.379076465113901,0,463.78289794921875,1047.1539306640625,1.2770239114761353,-9.391739845275879
379,12.633333333333333,301.900390625,1148.3931884765625,27,-0.7255910011574074,3.578638916015625,2.4444444444444446,4.394137848788702,0,471.2243347167969,1052.4906005859375,1.302862286567688,-9.490567207336426
380,12.666666666666666,274.0702819824219,529.6578979492188,25,-0.9060907592773437,1.1424947509765626,2.64,3.015940105515491,1,257.3774719238281,502.1366882324219,0.5603384375572205,0.7011723518371582
381,12.7,279.60894775390625,526.150146484375,31,-0.7110650240990423,0.9089198746219758,2.129032258064516,2.4216785837222683,1,264.1959533691406,499.2544250488281,0.5840137004852295,0.7545475959777832
382,12.733333333333333,278.0911560058594,526.1205444335938,31,-0.7164507367534022,0.9088148350869454,2.129032258064516,2.4232260353809125,0,260.1225280761719,498.70660400390625,0.569869875907898,0.7646924257278442
383,12.766666666666667,276.5733642578125,526.0909423828125,31,-0.7218364494077621,0.9087097955519152,2.129032258064516,2.424784466319615,0,260.2662658691406,498.8456726074219,0.5703690052032471,0.7621170878410339
384,12.8,275.0555725097656,526.0613403320312,31,-0.7272221620621219,0.9086047560168851,2.129032258064516,2.4263538553826196,0,257.48284912109375,499.0629577636719,0.5607043504714966,0.7580932974815369
385,12.833333333333334,273.53778076171875,526.03173828125,31,-0.7326078747164818,0.9084997164818549,2.129032258064516,2.427934181320306,0,256.7878723144531,499.10723876953125,0.5582911968231201,0.7572733163833618
386,12.866666666666667,311.10028076171875,496.9615783691406,33,-0.5629990641276041,0.7565385945638021,2.0,2.2111803615429317,1,283.73931884765625,473.13458251953125,0.6518726348876953,1.238248348236084
387,12.9,328.2371826171875,482.3817443847656,32,-0.521684684753418,0.7300622463226318,2.0625,2.2492336570067417,1,296.5012512207031,460.20977783203125,0.6961848735809326,1.477596640586853
388,12.933333333333334,340.78662109375,471.3902893066406,31,-0.49398295740927417,0.7146107039913054,2.129032258064516,2.2994490593072623,1,305.18023681640625,450.1229553222656,0.7263202667236328,1.6643896102905273
389,12.966666666666667,341.6307678222656,469.5626220703125,31,-0.4909875980500252,0.7081254331527217,2.129032258064516,2.296799687912717,0,305.3916320800781,448.4364013671875,0.7270542979240417,1.6956220865249634
390,13.0,358.18133544921875,455.0477600097656,29,-0.4620707965719289,0.7019052965887662,2.2758620689655173,2.426052065265704,1,317.8410949707031,434.9984130859375,0.7702815532684326,1.9444737434387207
391,13.033333333333333,359.6698303222656,452.6996154785156,29,-0.4564247815362339,0.6929985414702318,2.2758620689655173,2.422420012433078,0,317.48223876953125,432.9002380371094,0.7690355777740479,1.9833288192749023
392,13.066666666666666,377.619140625,437.3125305175781,27,-0.41710720486111114,0.6816436428493924,2.4444444444444446,2.571755260159751,1,332.57373046875,418.9451904296875,0.8214365839958191,2.241755723953247
393,13.1,390.7610778808594,425.8382873535156,27,-0.3635659790039063,0.6348967262550637,2.4444444444444446,2.5515843540972294,1,341.1998596191406,408.19171142578125,0.8513883948326111,2.44089412689209
394,13.133333333333333,393.3843688964844,422.5955505371094,27,-0.352878497088397,0.6216855762622975,2.4444444444444446,2.5468264234955744,0,343.0606384277344,405.1708068847656,0.8578494191169739,2.4968369007110596
395,13.166666666666666,407.62017822265625,409.53662109375,26,-0.30622232290414664,0.5903472430889423,2.5384615384615383,2.6241320394972596,1,353.0108642578125,393.20721435546875,0.8923988342285156,2.7183849811553955
396,13.2,418.7207336425781,399.3988037109375,25,-0.2696287719726563,0.5693547363281249,2.64,2.714123153148131,1,361.280517578125,384.01092529296875,0.9211128950119019,2.888686418533325
397,13.233333333333333,422.13726806640625,395.4964294433594,25,-0.25459602050781255,0.5521842895507812,2.64,2.709119160038022,0,363.4350280761719,380.46630859375,0.9285938739776611,2.9543275833129883
398,13.266666666666667,434.1423645019531,384.47943115234375,24,-0.21018082936604818,0.5246973927815756,2.75,2.8074870142219326,1,372.61627197265625,370.1417541503906,0.9604731798171997,3.1455230712890625
399,13.3,443.7281799316406,375.7635192871094,24,-0.16624584197998046,0.4847494633992513,2.75,2.797341545510933,1,379.1570739746094,361.99822998046875,0.983184278011322,3.2963290214538574
400,13.333333333333334,451.9695739746094,368.0697937011719,23,-0.13405855925186821,0.46902944813603936,2.869565217391304,2.9107327011234627,1,385.51800537109375,354.8892822265625,1.0052708387374878,3.427976131439209
401,13.366666666666667,456.1094055175781,363.5871276855469,23,-0.11425936491593071,0.44759061067000677,2.869565217391304,2.9065094347159697,0,387.9691162109375,350.7304992675781,1.0137816667556763,3.504990816116333
402,13.4,464.9744873046875,355.3598937988281,22,-0.0751275634765625,0.4267994689941406,3.0,3.0311387196114277,1,394.80145263671875,342.98974609375,1.037505030632019,3.6483380794525146
403,13.433333333333334,472.5382385253906,348.4840087890625,22,-0.03730880737304688,0.3924200439453125,3.0,3.025786746946592,1,399.7267150878906,336.3334655761719,1.0546066761016846,3.7716023921966553
404,13.466666666666667,479.19842529296875,342.26580810546875,22,-0.00400787353515625,0.36132904052734377,3.0,3.0216840898046713,1,405.21240234375,330.4820861816406,1.0736541748046875,3.8799612522125244
405,13.5,485.6468811035156,336.42816162109375,22,0.028234405517578123,0.33214080810546875,3.0,3.0184623068814167,1,409.0184326171875,324.90045166015625,1.0868695974349976,3.9833250045776367
406,13.533333333333333,491.67462158203125,330.8341979980469,21,0.061152779715401784,0.31865532284691217,3.142857142857143,3.1595619787644225,1,414.44671630859375,319.7876892089844,1.1057177782058716,4.078005790710449
407,13.566666666666666,497.417236328125,325.4056091308594,21,0.09123314267113095,0.2902198573521205,3.142857142857143,3.1575468440438534,1,418.8491516113281,314.5217590332031,1.1210039854049683,4.175522804260254
408,13.6,502.09197998046875,320.5581970214844,21,0.11571989513578868,0.26482865106491815,3.142857142857143,3.1561172869466154,0,422.430419921875,309.9514465332031,1.1334389448165894,4.260158538818359
409,13.633333333333333,507.927001953125,315.4557189941406,20,0.15359851074218747,0.2500064544677734,3.3,3.3130191260808872,1,426.3406677246094,305.0624084472656,1.147016167640686,4.350696086883545
410,13.666666666666666,513.4150390625,311.0587463378906,20,0.18378271484374997,0.2258231048583984,3.3,3.31281936739135,1,430.6373291015625,300.9569396972656,1.1619352102279663,4.426723480224609
411,13.7,518.732421875,306.4625244140625,20,0.2130283203125,0.20054388427734374,3.3,3.3129441460393214,1,434.86175537109375,296.4693603515625,1.1766033172607422,4.50982666015625
412,13.733333333333333,523.6475219726562,302.04736328125,19,0.2526961798416941,0.18553736636513157,3.473684210526316,3.487801810321815,1,438.5516357421875,292.2528076171875,1.189415454864502,4.587911128997803
413,13.766666666666667,528.289306640625,297.76092529296875,19,0.27956967002467104,0.16072114643297697,3.473684210526316,3.4886204267257663,1,442.15606689453125,288.1214599609375,1.2019307613372803,4.664417266845703
414,13.8,532.7378540039062,293.8663024902344,19,0.305324417917352,0.13817333020662007,3.473684210526316,3.4898132992778845,1,445.4605712890625,284.3480529785156,1.2134047746658325,4.73429536819458
415,13.833333333333334,537.0473022460938,289.6610412597656,19,0.33027385510896384,0.11382708097759048,3.473684210526316,3.4912060119953177,1,448.7181396484375,280.27801513671875,1.2247157096862793,4.809666156768799
416,13.866666666666667,541.5519409179688,285.82427978515625,19,0.3563533421566612,0.09161425138774672,3.473684210526316,3.4931164981980483,1,451.9348449707031,276.545166015625,1.2358849048614502,4.878793239593506
417,13.9,545.6068725585938,281.66363525390625,18,0.4009308878580729,0.07127777099609375,3.6666666666666665,3.6892100159683614,1,454.88592529296875,272.6059265136719,1.2461316585540771,4.951742172241211
418,13.933333333333334,549.6306762695312,277.8580322265625,18,0.42552079942491317,0.048021308051215274,3.6666666666666665,3.6915875231686717,1,457.8536376953125,268.94805908203125,1.2564362287521362,5.019480228424072
419,13.966666666666667,553.337158203125,274.6051330566406,18,0.4481715223524305,0.028142479790581595,3.6666666666666665,3.6940620131585367,1,461.365478515625,265.8210144042969,1.2686301469802856,5.077388763427734
420,14.0,557.1083374023438,271.1636962890625,18,0.4712176174587673,0.00711147732204861,3.6666666666666665,3.696828513815276,1,463.540771484375,262.5096130371094,1.2761832475662231,5.138710975646973
421,14.033333333333333,560.9273071289062,267.8788757324219,18,0.4945557657877604,-0.012962426079644096,3.6666666666666665,3.6998916030619373,1,466.8760986328125,259.3206481933594,1.2877641916275024,5.197765827178955
422,14.066666666666666,564.4869995117188,264.7070617675781,17,0.5466805850758273,-0.034248423856847426,3.8823529411764706,3.9208031035104423,1,469.0794677734375,256.191650390625,1.2954148054122925,5.255710124969482
423,14.1,567.8587646484375,261.616455078125,17,0.5684978889016544,-0.054246467141544116,3.8823529411764706,3.924130080507598,1,472.2060241699219,253.2589569091797,1.306270956993103,5.310019493103027
424,14.133333333333333,571.388916015625,258.58392333984375,17,0.5913400448069853,-0.0738687313304228,3.8823529411764706,3.9278243338930374,1,474.4697570800781,250.24026489257812,1.3141311407089233,5.3659210205078125
425,14.166666666666666,574.740966796875,255.88682556152344,17,0.61302978515625,-0.09132054048426011,3.8823529411764706,3.931514888495864,1,477.4524841308594,247.57102966308594,1.3244878053665161,5.415351390838623
426,14.2,577.9641723632812,252.8443603515625,17,0.6338858211741728,-0.111007080078125,3.8823529411764706,3.9353269452454285,1,479.5294494628906,244.58506774902344,1.3316994905471802,5.470646858215332
427,14.233333333333333,580.80029296875,250.13755798339844,17,0.6522371897977941,-0.12852168363683364,3.8823529411764706,3.938857135614563,1,482.384033203125,241.9706573486328,1.3416112661361694,5.519062042236328
428,14.266666666666667,583.9437866210938,247.37998962402344,16,0.7146135330200195,-0.15551257133483887,4.125,4.189329500220594,1,484.2261047363281,239.11038208007812,1.348007321357727,5.572030067443848
429,14.3,586.7241821289062,244.5843048095703,16,0.7337287521362305,-0.1747329044342041,4.125,4.193389377294148,1,486.6398620605469,236.3754119873047,1.3563884496688843,5.622677326202393
430,14.333333333333334,589.8289794921875,242.05369567871094,16,0.755074234008789,-0.1921308422088623,4.125,4.197937155245639,1,488.09490966796875,233.88206481933594,1.361440658569336,5.668850421905518
431,14.366666666666667,592.5833740234375,239.421142578125,16,0.7740106964111328,-0.21022964477539063,4.125,4.202251070759723,1,491.4006652832031,231.46188354492188,1.372918963432312,5.7136688232421875
432,14.4,595.3772583007812,237.00701904296875,16,0.7932186508178711,-0.22682674407958983,4.125,4.20669361848888,1,492.7064208984375,229.0567626953125,1.3774528503417969,5.758208274841309
433,14.433333333333334,597.9072875976562,234.75082397460938,15,0.8646534423828126,-0.25849395751953125,4.4,4.491597121458977,1,495.59539794921875,226.97686767578125,1.387484073638916,5.796724796295166
434,14.466666666666667,600.5399169921875,232.60842895507812,16,0.828711929321289,-0.2570670509338379,4.125,4.215266531368477,1,496.86920166015625,224.7529754638672,1.391906976699829,5.837907791137695
435,14.5,602.9546508789062,230.2539825439453,15,0.9016674397786459,-0.2914707946777344,4.4,4.500884290459715,1,499.3110656738281,222.59983825683594,1.4003856182098389,5.877780914306641
436,14.533333333333333,605.5054931640625,228.03749084472656,15,0.9203736165364584,-0.3077250671386719,4.4,4.50574991660233,1,500.74603271484375,220.2417755126953,1.4053682088851929,5.921448707580566
437,14.566666666666666,607.8629760742188,225.62680053710938,15,0.9376618245442709,-0.3254034627278646,4.4,4.510553969388126,1,502.7077941894531,217.93850708007812,1.4121798276901245,5.964101791381836
438,14.6,610.0806274414062,223.36709594726562,15,0.9539246012369792,-0.3419746297200521,4.4,4.515187569992779,1,504.36767578125,215.60899353027344,1.4179433584213257,6.0072407722473145
439,14.633333333333333,612.1976318359375,220.92286682128906,15,0.9694493001302084,-0.35989897664388026,4.4,4.519884867882396,1,505.7550048828125,213.27301025390625,1.4227604866027832,6.05049991607666
440,14.666666666666666,614.5359497070312,218.63670349121094,15,0.9865969645182292,-0.3766641743977865,4.4,4.524958504856299,1,507.35797119140625,211.0043182373047,1.4283262491226196,6.092512607574463
441,14.7,616.7432250976562,216.7581787109375,15,1.0027836507161458,-0.39044002278645834,4.4,4.529681938231104,1,509.0636291503906,209.1481475830078,1.434248685836792,6.126885890960693
442,14.733333333333333,618.8560180664062,214.8821258544922,14,1.0910115705217636,-0.4330690111432757,4.714285714285714,4.858224450490462,1,511.126220703125,207.22811889648438,1.4414105415344238,6.162442207336426
443,14.766666666666667,621.1944580078125,213.0066680908203,14,1.109385027204241,-0.4478047507149833,4.714285714285714,4.863718128064807,1,512.55224609375,205.305908203125,1.446362018585205,6.198038578033447
444,14.8,623.6983032226562,211.42384338378906,14,1.129058096749442,-0.46024123055594307,4.714285714285714,4.8694028352619885,1,514.26513671875,203.59034729003906,1.452309489250183,6.229808330535889
445,14.833333333333334,625.7368774414062,209.75967407226562,14,1.1450754656110491,-0.47331684657505585,4.714285714285714,4.8743939577258715,1,515.8932495117188,201.95057678222656,1.4579626321792603,6.26017427444458
446,14.866666666666667,627.4373779296875,208.0349884033203,14,1.158436540876116,-0.48686794825962615,4.714285714285714,4.878883623760453,1,518.2138671875,200.27792358398438,1.4660203456878662,6.291149616241455
447,14.9,629.479248046875,206.26504516601562,14,1.1744798060825892,-0.500774645124163,4.714285714285714,4.884124062307733,1,519.023681640625,198.57318115234375,1.46883225440979,6.322718620300293
448,14.933333333333334,631.4777221679688,204.4610595703125,14,1.190182102748326,-0.5149488176618303,4.714285714285714,4.889396232504798,1,520.8353271484375,196.72100830078125,1.4751226902008057,6.35701847076416
449,14.966666666666667,633.4456176757812,202.92445373535156,14,1.2056441388811385,-0.5270221492222377,4.714285714285714,4.894468299142169,1,521.977294921875,195.2293243408203,1.4790878295898438,6.384642124176025
450,15.0,635.39208984375,201.58160400390625,14,1.2209378487723215,-0.5375731113978794,4.714285714285714,4.899404441009248,1,524.43603515625,193.89208984375,1.4876251220703125,6.409405708312988
451,15.033333333333333,637.323974609375,200.08554077148438,14,1.236116943359375,-0.5493278939383371,4.714285714285714,4.904511803292681,1,525.5616455078125,192.3822479248047,1.4915335178375244,6.437365531921387
452,15.066666666666666,639.2461547851562,198.7698516845703,14,1.2512197875976563,-0.5596654510498047,4.714285714285714,4.909507731931286,1,527.3496704101562,191.1121063232422,1.497741937637329,6.4608869552612305
453,15.1,641.1621704101562,197.29127502441406,14,1.2662741960797992,-0.5712828390938895,4.714285714285714,4.914702861599985,1,528.313720703125,189.67828369140625,1.501089334487915,6.487439155578613
454,15.133333333333333,642.781494140625,195.6929168701172,13,1.377381873497596,-0.6287522418682392,5.076923076923077,5.297891857719272,1,530.048583984375,188.19610595703125,1.5071130990982056,6.514886856079102
455,15.166666666666666,644.185546875,194.0063018798828,14,1.290029296875,-0.5970933423723493,4.714285714285714,4.923940072972005,1,531.513916015625,186.59288024902344,1.5122010707855225,6.544576168060303
456,15.2,645.433837890625,192.54762268066406,13,1.3998247821514422,-0.6553662696251502,5.076923076923077,5.306991831262019,1,532.0781860351562,185.1443328857422,1.514160394668579,6.571401119232178
457,15.233333333333333,647.1560668945312,191.254150390625,13,1.4143974891075721,-0.66631103515625,5.076923076923077,5.312215976573136,1,533.20166015625,183.7691192626953,1.5180612802505493,6.59686803817749
458,15.266666666666667,648.345458984375,189.78695678710938,13,1.4244615760216346,-0.6787257502629206,5.076923076923077,5.316475087370022,1,534.049560546875,182.27362060546875,1.521005392074585,6.624562740325928
459,15.3,649.7337036132812,188.1921844482422,13,1.436208261343149,-0.692219977745643,5.076923076923077,5.321372999192461,1,534.8339233398438,180.6907501220703,1.523728847503662,6.65387487411499
460,15.333333333333334,651.26806640625,187.08982849121094,13,1.4491913311298075,-0.701547605074369,5.076923076923077,5.326112323768759,1,536.3834838867188,179.58441162109375,1.5291093587875366,6.674362659454346
461,15.366666666666667,652.61669921875,185.46609497070312,13,1.4606028395432693,-0.715286888709435,5.076923076923077,5.331054672110911,1,537.269775390625,178.02236938476562,1.53218674659729,6.70328950881958
